terminalName;id;name;lat;long;coordsLngLat;installed;locked;temporary;public;nbBikes;nbEmptyDocks
5002;443;St-Charles / Châteauguay;45.5332;-73.5156;[-73.5156, 45.5332];1;0;0;1;0;19
5003;444;Place Longueuil;45.5294;-73.5178;[-73.5178, 45.5294];1;0;0;1;0;15
5004;445;St-Charles/Charlotte;45.539824;-73.508752;[-73.508752, 45.539824];1;0;0;1;0;10
5005;446;St-Charles / St-Sylvestre;45.536408;-73.512776;[-73.512776, 45.536408];1;0;0;1;0;19
5006;447;Collège Édouard-Montpetit;45.5368;-73.4954;[-73.4954, 45.5368];1;0;0;1;0;27
5007;448;Métro Longueuil - Université de Sherbrooke;45.523854;-73.519677;[-73.519677, 45.523854];1;0;0;1;0;47
6001;1;Notre Dame / Place Jacques Cartier;45.508498;-73.553786;[-73.553786, 45.508498];1;0;0;1;0;27
6002;2;Dézery/Ste-Catherine;45.539185;-73.541019;[-73.541019, 45.539185];1;0;0;1;0;21
6003;3;Evans/Clark;45.511119;-73.567974;[-73.567974, 45.511119];1;0;0;1;0;23
6004;4;Berri / Saint-Antoine;45.5120536;-73.55393082;[-73.553930819035, 45.512053603271];1;0;0;1;0;0
6005;5;Président-kennedy/Jeanne Mance;45.508349;-73.5689;[-73.5689, 45.508349];1;0;0;1;0;23
6006;6;16e avenue/Rosemont;45.556752;-73.577684;[-73.577684, 45.556752];1;0;0;1;0;26
6007;7;de l'Hôtel-de-Ville / Sainte-Catherine;45.51164009;-73.56218398;[-73.562183976173, 45.511640093571];1;0;0;1;0;27
6008;8;Sanguinet /Ste-Catherine;45.512738;-73.561438;[-73.561438, 45.512738];1;0;0;1;0;23
6009;9;Berri / Sainte-Catherine;45.51462481;-73.55977535;[-73.559775352478, 45.514624813586];1;0;0;1;0;2
6011;11;Saint-André / Saint-Antoine;45.514076;-73.552439;[-73.552439, 45.514076];1;0;0;1;0;15
6012;12;Métro Saint-Laurent (Maisonneuve / St-Laurent);45.51066;-73.56497;[-73.56497, 45.51066];1;0;0;1;0;48
6013;13;Sanguinet / de Maisonneuve;45.51339;-73.56255;[-73.56255, 45.51339];1;0;0;1;0;7
6014;14;St-Denis / de Maisonneuve;45.514649;-73.562152;[-73.562152, 45.514649];1;0;0;1;0;0
6015;15;Berri / de Maisonneuve;45.515299;-73.561273;[-73.561273, 45.515299];1;0;0;1;0;27
6016;16;Jacques Le Ber/Ch Pointe Nord;45.472503;-73.539285;[-73.539285, 45.472503];1;0;0;1;0;2
6017;17;St-Andre/Robin;45.51804;-73.56166;[-73.56166, 45.51804];1;0;0;1;0;14
6018;18;Saint-André / Ontario;45.51889;-73.56353;[-73.56353, 45.51889];1;0;0;1;0;17
6019;19;Berri / Sherbrooke;45.517836;-73.567205;[-73.567205, 45.517836];1;0;0;1;0;27
6020;20;Sanguinet / Ontario;45.514784;-73.565338;[-73.565338, 45.514784];1;0;0;1;0;23
6021;401;De l'Hôtel-de-Ville / Sherbrooke;45.51453084;-73.56847107;[-73.568471074104, 45.514530838669];1;0;0;1;0;15
6022;125;Molson / William - Tremblay;45.541532;-73.565258;[-73.565258, 45.541532];1;0;0;1;0;18
6023;22;de la Commune / Berri;45.51086;-73.54983;[-73.54983, 45.51086];1;0;0;1;0;36
6024;23;Des Érables/ Sherbrooke;45.531367;-73.562624;[-73.562624, 45.531367];1;0;0;1;0;15
6025;24;Notre-Dame / Saint-Gabriel;45.50714392;-73.55511904;[-73.555119037628, 45.507143919284];1;0;0;1;0;0
6026;25;de la Commune / Place Jacques-Cartier;45.50719279;-73.55200768;[-73.552007675171, 45.507192792674];1;0;0;1;0;54
6027;26;Maisonneuve/McGill College;45.50269;-73.573017;[-73.573017, 45.50269];1;0;0;1;0;7
6029;28;Belair/St-Antoine;45.482843;-73.584352;[-73.584352, 45.482843];1;0;0;1;0;23
6031;30;Saint-Antoine / Saint-François-Xavier;45.50449;-73.5592;[-73.5592, 45.50449];1;0;0;1;0;15
6032;31;Métro Place-d'Armes (Viger/St-Urbain);45.50623;-73.55976;[-73.55976, 45.50623];1;0;0;1;0;0
6033;32;18e av/beaubien;45.559761;-73.582429;[-73.582429, 45.559761];1;0;0;1;0;27
6034;33;Saint-Urbain / René-Lévesque;45.5079;-73.563112;[-73.563112, 45.5079];1;0;0;1;0;39
6035;34;Viger/Jeanne Mance;45.504803;-73.5612;[-73.5612, 45.504803];1;0;0;1;0;3
6036;35;de la Commune / Saint-Sulpice;45.50406857;-73.55360627;[-73.553606271744, 45.504068569843];1;0;0;1;0;43
6037;36;Saint-Nicolas / Place d'Youville;45.50197438;-73.55515659;[-73.555156588554, 45.501974378779];1;0;0;1;0;14
6038;37;McGill / d'Youville;45.49975;-73.55566;[-73.55566, 45.49975];1;0;0;1;0;23
6039;38;McGill / des Récollets;45.500779;-73.558826;[-73.558826, 45.500779];1;0;0;1;0;12
6040;39;Saint-Jacques / Saint-Pierre;45.5028;-73.55917;[-73.55917, 45.5028];1;0;0;1;0;22
6041;40;Saint-Jacques / Gauvin;45.500674;-73.561082;[-73.561082, 45.500674];1;0;0;1;0;10
6042;41;de la Gauchetière / University;45.500675;-73.565354;[-73.565354, 45.500675];1;0;0;1;0;3
6043;42;Square Victoria;45.50206;-73.56295;[-73.56295, 45.50206];1;0;0;1;0;1
6044;43;Rue St-André / Roy;45.52169;-73.570209;[-73.570209, 45.52169];1;0;0;1;0;15
6046;45;de la Gauchetière / Mansfield;45.49871;-73.56671;[-73.56671, 45.49871];1;0;0;1;0;0
6047;123;University / Prince-Arthur;45.50733;-73.57845;[-73.57845, 45.50733];1;0;0;1;0;39
6048;47;Prince/Ottawa;45.497438;-73.556716;[-73.556716, 45.497438];1;0;0;1;0;5
6049;48;King / Wellington;45.4982;-73.55488;[-73.55488, 45.4982];1;0;0;1;0;0
6050;49;de la Commune / McGill;45.49886;-73.55232;[-73.55232, 45.49886];1;0;0;1;0;3
6051;50;De Gaspé / Marmier;45.529686;-73.601728;[-73.601728, 45.529686];1;0;0;1;0;3
6052;51;De la Commune / King;45.497438;-73.552802;[-73.552802, 45.497438];1;0;0;1;0;39
6053;52;Belmont / Beaver Hall;45.502326;-73.565138;[-73.565138, 45.502326];1;0;0;1;0;16
6057;55;Peel / ave des Canadiens de Montréal;45.497697;-73.568646;[-73.568646, 45.497697];1;0;0;1;0;0
6058;56;Drummond / Rene Levesque;45.497196;-73.571384;[-73.571384, 45.497196];1;0;0;1;0;0
6059;57;Metcalfe / Sainte-Catherine;45.50068474;-73.57215643;[-73.572156429291, 45.500684739422];1;0;0;1;0;31
6060;58;Mansfield / René-Lévesque;45.50015;-73.56928;[-73.56928, 45.50015];1;0;0;1;0;6
6061;59;Sainte-Catherine / McGill College;45.50176;-73.57128;[-73.57128, 45.50176];1;0;0;1;0;0
6062;60;Drummond / Sainte-Catherine;45.4986393;-73.57422709;[-73.57422709465, 45.498639303304];1;0;0;1;0;0
6063;61;Drummond / de Maisonneuve;45.49947;-73.57591;[-73.57591, 45.49947];1;0;0;1;0;0
6064;62;de Maisonneuve / Stanley;45.50038;-73.57507;[-73.57507, 45.50038];1;0;0;1;0;41
6065;63;de la montagne / Sherbrooke;45.499532;-73.57869;[-73.57869, 45.499532];1;0;0;1;0;18
6066;403;Mansfield / Ste-Catherine ;45.5014018;-73.5718136;[-73.5718136, 45.5014018];1;0;0;1;0;0
6067;64;de Maisonneuve / University;45.503475;-73.572103;[-73.572103, 45.503475];1;0;0;1;0;23
6068;65;Mansfield / Sherbrooke;45.50297;-73.57505;[-73.57505, 45.50297];1;0;0;1;0;12
6070;67;University / Milton;45.50624;-73.57622;[-73.57622, 45.50624];1;0;0;1;0;0
6072;133;Union/Maisonneuve;45.504844;-73.571226;[-73.571226, 45.504844];1;0;0;1;0;31
6073;68;de Maisonneuve / Aylmer;45.50501;-73.57069;[-73.57069, 45.50501];1;0;0;1;0;0
6075;134;University / des Pins;45.508356;-73.580498;[-73.580498, 45.508356];1;0;0;1;0;0
6076;69;St-Clément/Ste-Catherine;45.556225;-73.530067;[-73.530067, 45.556225];1;0;0;1;0;18
6078;71;de Maisonneuve / de Bleury;45.50708;-73.56917;[-73.56917, 45.50708];1;0;0;1;0;68
6079;124;Hutchison/ Prince Arthur;45.509864;-73.576105;[-73.576105, 45.509864];1;0;0;1;0;0
6080;72;Mackay / René-Lévesque;45.49449932;-73.57417345;[-73.57417345047, 45.494499323782];1;0;0;1;0;3
6081;73;Saint-Alexandre / Sainte-Catherine (Stationnement du Gesù);45.505;-73.566379;[-73.566379, 45.505];1;0;0;1;0;33
6082;74;6e avenue/Rosemont;45.550613;-73.582883;[-73.582883, 45.550613];1;0;0;1;0;23
6083;75;Square Phillips;45.5041581;-73.5686929;[-73.5686929, 45.5041581];1;0;0;1;0;31
6084;76;Lambert-Closse / Tupper;45.489609;-73.582445;[-73.582445, 45.489609];1;0;0;1;0;19
6085;77;Notre-Dame / Peel;45.4952;-73.56328;[-73.56328, 45.4952];1;0;0;1;0;38
6086;290;Peel / Ottawa;45.493962;-73.559644;[-73.559644, 45.493962];1;0;0;1;0;6
6087;291;Notre-Dame / de la Montagne ;45.49302901;-73.56481791;[-73.564817905426, 45.493029012584];1;0;0;1;0;26
6088;292;Guy / Notre-Dame;45.489951;-73.567091;[-73.567091, 45.489951];1;0;0;1;0;19
6089;78;Saint-Jacques / Guy;45.49138;-73.57015;[-73.57015, 45.49138];1;0;0;1;0;15
6090;79;Métro Lucien-L'Allier  (Lucien l'Allier/Argyle);45.49486;-73.57108;[-73.57108, 45.49486];1;0;0;1;0;17
6091;80;Joseph Manceau / René-Lévesque;45.492147;-73.576453;[-73.576453, 45.492147];1;0;0;1;0;0
6092;81;Crescent / René-Lévesque;45.49606;-73.57348;[-73.57348, 45.49606];1;0;0;1;0;0
6093;126;Atwater / Sherbrooke;45.49132175;-73.5878098;[-73.587809801102, 45.491321748861];1;0;0;1;0;22
6094;194;Gaspé / Fairmount ;45.525669;-73.593016;[-73.593016, 45.525669];1;0;0;1;0;19
6095;84;Chomedey / de Maisonneuve;45.49156;-73.5838;[-73.5838, 45.49156];1;0;0;1;0;19
6096;85;Torrance/Lucien L'Aller;45.493951;-73.569299;[-73.569299, 45.493951];1;0;0;1;0;16
6097;86;Towers/ Ste-Catherine;45.492504;-73.581088;[-73.581088, 45.492504];1;0;0;1;0;25
6098;87;Bishop / Sainte-Catherine;45.49642;-73.57616;[-73.57616, 45.49642];1;0;0;1;0;27
6099;88;Bishop / de Maisonneuve;45.49742103;-73.57791245;[-73.57791245, 45.49742103];1;0;0;1;0;0
6100;89;de Maisonneuve / Mackay;45.49659;-73.57851;[-73.57851, 45.49659];1;0;0;1;0;34
6101;90;Metro Villa Maria (Décarie / Monkland);45.479483;-73.61979;[-73.61979, 45.479483];1;0;0;1;0;11
6102;91;Lincoln / Dufort;45.493034;-73.583836;[-73.583836, 45.493034];1;0;0;1;0;15
6103;92;Lespérance/Rouen;45.538799;-73.552496;[-73.552496, 45.538799];1;0;0;1;0;19
6104;93;Wolfe / René-Lévesque;45.51687265;-73.5541749;[-73.554174900055, 45.516872646827];1;0;0;1;0;12
6105;94;Plessis / René-Lévesque;45.51954;-73.552;[-73.552, 45.51954];1;0;0;1;0;19
6106;95;René-Lévesque / Papineau;45.52114;-73.54926;[-73.54926, 45.52114];1;0;0;1;0;4
6107;96;St-Mathieu /Ste-Catherine ;45.493718;-73.579186;[-73.579186, 45.493718];1;0;0;1;0;21
6108;97;Logan / Fullum;45.52844869;-73.551085;[-73.55108499527, 45.528448693514];1;0;0;1;0;19
6109;98;Plage du parc Jean-Drapeau;45.498293;-73.52186;[-73.52186, 45.498293];1;0;0;1;0;19
6110;99;Poupart / Sainte-Catherine;45.529033;-73.54641;[-73.54641, 45.529033];1;0;0;1;0;14
6111;100;Parthenais / Sainte-Catherine;45.52622;-73.54933;[-73.54933, 45.52622];1;0;0;1;0;18
6112;101;Montcalm/Maisonneuve;45.519157;-73.55786;[-73.55786, 45.519157];1;0;0;1;0;19
6113;102;Alexandre-DeSève / Maisonneuve;45.5219;-73.55534;[-73.55534, 45.5219];1;0;0;1;0;19
6114;103;Métro Papineau (Cartier / Ste-Catherine);45.52353;-73.55199;[-73.55199, 45.52353];1;0;0;1;0;24
6115;104;Benny/ Monkland;45.466965;-73.631664;[-73.631664, 45.466965];1;0;0;1;0;15
6116;105;Plessis / Ontario;45.523584;-73.560941;[-73.560941, 45.523584];1;0;0;1;0;19
6117;106;Robin / de la Visitation;45.52087;-73.55922;[-73.55922, 45.52087];1;0;0;1;0;15
6118;107;Champlain / Ontario;45.52504754;-73.56003553;[-73.560035526752, 45.5250475373];1;0;0;1;0;19
6119;108;Dorion / Ontario;45.52697;-73.558021;[-73.558021, 45.52697];1;0;0;1;0;23
6120;109;Poupart / Ontario;45.53194;-73.553435;[-73.553435, 45.53194];1;0;0;1;0;0
6121;110;Gascon/Rouen;45.53552845;-73.55538726;[-73.55538726, 45.53552845];1;0;0;1;0;23
6122;111;Logan / d'Iberville;45.53057;-73.54913;[-73.54913, 45.53057];1;0;0;1;0;13
6123;112;Alexandre de Sève / La Fontaine;45.523217;-73.558187;[-73.558187, 45.523217];1;0;0;1;0;14
6124;113;Poupart/Ontario;45.531834;-73.553478;[-73.553478, 45.531834];1;0;0;1;0;23
6125;114;Ellendale/Côte-Des-Neiges;45.499757;-73.629298;[-73.629298, 45.499757];1;0;0;1;0;13
6126;115;Rouen / Fullum;45.53217;-73.55859;[-73.55859, 45.53217];1;0;0;1;0;0
6127;116;Henri Julien/Castelneau;45.537877;-73.618323;[-73.618323, 45.537877];1;0;0;1;0;11
6128;117;Wurtele / Rouen;45.537559;-73.553515;[-73.553515, 45.537559];1;0;0;1;0;0
6129;121;de Bordeaux / Sherbrooke;45.53002706;-73.56317639;[-73.563176393509, 45.530027060788];1;0;0;1;0;15
6130;118;Sherbrooke / Frontenac;45.5367;-73.56081;[-73.56081, 45.5367];1;0;0;1;0;15
6131;119;Fullum / Sherbrooke ;45.533924;-73.562425;[-73.562425, 45.533924];1;0;0;1;0;35
6132;136;Larivière / de Lorimier;45.52915521;-73.55941057;[-73.559410572052, 45.529155206246];1;0;0;1;0;23
6133;120;Terasse Mercure / Fulum;45.535614;-73.566014;[-73.566014, 45.535614];1;0;0;1;0;19
6134;135;Gascon/Rachel;45.537964;-73.562643;[-73.562643, 45.537964];1;0;0;1;0;19
6136;137;Métro Laurier (Rivard/ Bibaud);45.527777;-73.589652;[-73.589652, 45.527777];1;0;0;1;0;15
6137;138;Gauthier / Papineau;45.530202;-73.56663;[-73.56663, 45.530202];1;0;0;1;0;0
6138;139;Gauthier / De Lorimier;45.531818;-73.565317;[-73.565317, 45.531818];1;0;0;1;0;11
6139;140;Gauthier / des Érables;45.53237;-73.56437;[-73.56437, 45.53237];1;0;0;1;0;11
6140;141;Marquette / Rachel;45.52980158;-73.57028961;[-73.570289611816, 45.529801582461];1;0;0;1;0;15
6141;142;de Bordeaux / Rachel;45.53227;-73.56828;[-73.56828, 45.53227];1;0;0;1;0;27
6142;143;Calixa Lavalée / Rachel;45.527791;-73.572056;[-73.572056, 45.527791];1;0;0;1;0;31
6143;144;Rachel / Brébeuf;45.52689;-73.57264;[-73.57264, 45.52689];1;0;0;1;0;14
6145;145;du Parc-La Fontaine / Duluth;45.52469;-73.57221;[-73.57221, 45.52469];1;0;0;1;0;19
6146;146;du Parc-La Fontaine / Roy;45.523084;-73.568731;[-73.568731, 45.523084];1;0;0;1;0;19
6147;147;Calixa-Lavallée / Sherbrooke;45.52479;-73.56545;[-73.56545, 45.52479];1;0;0;1;0;27
6148;148;Émile-Duployé / Sherbrooke;45.52729;-73.56463;[-73.56463, 45.52729];1;0;0;1;0;31
6149;149;Chapleau / Mont-Royal;45.53867;-73.56936;[-73.56936, 45.53867];1;0;0;1;0;27
6150;150;Terrasse Guindon / Fullum ;45.537169;-73.56905;[-73.56905, 45.537169];1;0;0;1;0;17
6151;151;des Érables / Mont-Royal;45.53565;-73.57172;[-73.57172, 45.53565];1;0;0;1;0;19
6152;152;Chabot / Mont-Royal;45.53413437;-73.57349217;[-73.57349216938, 45.534134366108];1;0;0;1;0;1
6153;153;Cartier/Marie-Anne;45.532674;-73.571776;[-73.571776, 45.532674];1;0;0;1;0;0
6154;154;Marquette / Mont-Royal;45.53229;-73.57544;[-73.57544, 45.53229];1;0;0;1;0;19
6155;155;Garnier / Mont-Royal;45.53092;-73.57674;[-73.57674, 45.53092];1;0;0;1;0;27
6156;156;Marie-Anne / de la Roche;45.52773841;-73.57624948;[-73.576249480247, 45.527738413791];1;0;0;1;0;19
6157;157;de la Roche / Mont-Royal;45.52856;-73.57828;[-73.57828, 45.52856];1;0;0;1;0;23
6158;158;Gilford / Brébeuf;45.53073;-73.58153;[-73.58153, 45.53073];1;0;0;1;0;19
6159;159;Villeray/Lajeunesse;45.542067;-73.622386;[-73.622386, 45.542067];1;0;0;1;0;11
6160;160;Garnier / Saint-Joseph;45.53297;-73.58118;[-73.58118, 45.53297];1;0;0;1;0;23
6161;161;Cartier / Saint-Joseph;45.53576;-73.57867;[-73.57867, 45.53576];1;0;0;1;0;18
6162;162;Fullum / Saint-Joseph;45.54003;-73.575158;[-73.575158, 45.54003];1;0;0;1;0;15
6163;163;Marquette / Laurier;45.53543;-73.5822;[-73.5822, 45.53543];1;0;0;1;0;23
6164;164;Lanaudière / Laurier;45.533381;-73.583717;[-73.583717, 45.533381];1;0;0;1;0;19
6165;165;Brébeuf / Laurier;45.53248;-73.58507;[-73.58507, 45.53248];1;0;0;1;0;35
6166;166;Brébeuf / Saint-Grégoire;45.5341;-73.58852;[-73.58852, 45.5341];1;0;0;1;0;26
6167;167;Marquette / Saint-Grégoire;45.53703;-73.58584;[-73.58584, 45.53703];1;0;0;1;0;11
6168;168;Gosford/St-Antoine;45.509842;-73.554995;[-73.554995, 45.509842];1;0;0;1;0;23
6169;169;St-André/Laurier;45.529511;-73.587479;[-73.587479, 45.529511];1;0;0;1;0;15
6170;170;de Mentana / Laurier;45.530046;-73.58677;[-73.58677, 45.530046];1;0;0;1;0;19
6171;171;Wolfe/Robin;45.5195;-73.560269;[-73.560269, 45.5195];1;0;0;1;0;27
6173;173;Cherrier / Berri;45.5191458;-73.5692414;[-73.5692414, 45.5191458];1;0;0;1;0;35
6174;174;Roy / Saint-Denis;45.51908;-73.5727;[-73.5727, 45.51908];1;0;0;1;0;22
6175;175;St-André/Cherrier;45.520578;-73.567733;[-73.567733, 45.520578];1;0;0;1;0;22
6176;176;St-André / Duluth;45.523171;-73.573431;[-73.573431, 45.523171];1;0;0;1;0;19
6177;177;Saint-André / Rachel;45.524222;-73.575771;[-73.575771, 45.524222];1;0;0;1;0;0
6178;178;Duluth  / Berri   ;45.52180403;-73.57489765;[-73.57489765, 45.52180403];1;0;0;1;0;18
6179;179;Duluth/St-Denis;45.520655;-73.575871;[-73.575871, 45.520655];1;0;0;1;0;6
6180;180;Place de la paix (St-Dominique/place du marché);45.50965;-73.561976;[-73.561976, 45.50965];1;0;0;1;0;18
6181;181;Clark/Rachel;45.516853;-73.582648;[-73.582648, 45.516853];1;0;0;1;0;23
6182;182;Bullion / Mont-Royal;45.5215;-73.5851;[-73.5851, 45.5215];1;0;0;1;0;11
6183;183;Laval / Mont-Royal;45.52241291;-73.58412981;[-73.584129810333, 45.522412909217];1;0;0;1;0;23
6184;184;Métro Mont-Royal (Rivard/Mont-Royal);45.524673;-73.58255;[-73.58255, 45.524673];1;0;0;1;0;35
6185;185;Des érables/Bélanger;45.549286;-73.601006;[-73.601006, 45.549286];1;0;0;1;0;15
6186;186;Boyer / Mont-Royal;45.52743;-73.58002;[-73.58002, 45.52743];1;0;0;1;0;27
6187;187;St-André/ Mont-Royal;45.526466;-73.580927;[-73.580927, 45.526466];1;0;0;1;0;3
6188;188;Mentana / Marie-Anne;45.525983;-73.577808;[-73.577808, 45.525983];1;0;0;1;0;23
6189;189;Chabot/Everett;45.550634;-73.609477;[-73.609477, 45.550634];1;0;0;1;0;11
6190;190;Pontiac/Gilford;45.527008;-73.585852;[-73.585852, 45.527008];1;0;0;1;0;15
6191;191;St-Zotique/Clark;45.531401;-73.612674;[-73.612674, 45.531401];1;0;0;1;0;0
6192;192;Berri/St-Grégoire;45.529802;-73.591766;[-73.591766, 45.529802];1;0;0;1;0;19
6193;193;Esplanade/Fairmount;45.521495;-73.596758;[-73.596758, 45.521495];1;0;0;1;0;19
6194;83;Métro Atwater (Atwater / Maisonneuve);45.489904;-73.585962;[-73.585962, 45.489904];1;0;0;1;0;15
6195;195;de Bullion / Boul. Saint-Joseph;45.52377;-73.58978;[-73.58978, 45.52377];1;0;0;1;0;19
6196;196;Villeneuve/St-Laurent;45.52157;-73.58918;[-73.58918, 45.52157];1;0;0;1;0;19
6197;197;Cartier/Masson;45.537985;-73.583502;[-73.583502, 45.537985];1;0;0;1;0;19
6198;198;Hélène-Baillargeon / Saint-Denis;45.52974;-73.59527;[-73.59527, 45.52974];1;0;0;1;0;4
6199;199;Clark / Saint-Viateur;45.52517156;-73.59937549;[-73.599375486374, 45.525171560973];1;0;0;1;0;19
6200;200;Maguire / Saint-Laurent;45.52457;-73.59588;[-73.59588, 45.52457];1;0;0;1;0;7
6201;201;Villeneuve / de l'Hôtel-de-Ville;45.52352541;-73.58750939;[-73.587509393692, 45.52352540631];1;0;0;1;0;23
6202;122;Sainte-Famille / Sherbrooke;45.510016;-73.570654;[-73.570654, 45.510016];1;0;0;1;0;23
6203;202;Hutchison / Sherbrooke;45.50781;-73.57208;[-73.57208, 45.50781];1;0;0;1;0;3
6204;46;Milton / Durocher;45.508231;-73.574707;[-73.574707, 45.508231];1;0;0;1;0;31
6205;203;Milton / du Parc;45.50971;-73.57354;[-73.57354, 45.50971];1;0;0;1;0;31
6206;204;Prince-Arthur / du Parc;45.51059;-73.57547;[-73.57547, 45.51059];1;0;0;1;0;0
6207;205;Sainte-Famille / des Pins;45.51281295;-73.57701659;[-73.577016592026, 45.512812949535];1;0;0;1;0;15
6208;206;Hutchison / des Pins;45.51069;-73.57805;[-73.57805, 45.51069];1;0;0;1;0;19
6209;207;Milton / Clark;45.51252;-73.57062;[-73.57062, 45.51252];1;0;0;1;0;23
6210;208;Metro  Sauvé (Sauvé/Berri);45.5509;-73.656;[-73.656, 45.5509];1;0;0;1;0;15
6211;209;Roy / Saint-Laurent;45.51561;-73.57569;[-73.57569, 45.51561];1;0;0;1;0;23
6212;210;Duluth/Esplanade;45.515201;-73.581394;[-73.581394, 45.515201];1;0;0;1;0;14
6213;211;Duluth / Saint-Laurent;45.5171;-73.57921;[-73.57921, 45.5171];1;0;0;1;0;15
6214;212;Square Saint-Louis;45.51735;-73.56906;[-73.56906, 45.51735];1;0;0;1;0;9
6215;213;Saint-Cuthbert / Saint-Urbain;45.51494;-73.57821;[-73.57821, 45.51494];1;0;0;1;0;19
6216;214;Parc du Mont-Royal;45.51496;-73.58503;[-73.58503, 45.51496];1;0;0;1;0;34
6217;215;Marie-Anne/St-Dominique;45.519523;-73.583618;[-73.583618, 45.519523];1;0;0;1;0;23
6218;404;Prince-Arthur / Saint-Urbain;45.512762;-73.573489;[-73.573489, 45.512762];1;0;0;1;0;19
6219;216;Hôtel de Ville/Roy ;45.51725;-73.574361;[-73.574361, 45.51725];1;0;0;1;0;0
6220;217;Laval / Duluth;45.51923691;-73.57721508;[-73.577215075493, 45.519236909648];1;0;0;1;0;15
6221;218;Mont-Royal / Clark;45.51941;-73.58685;[-73.58685, 45.51941];1;0;0;1;0;23
6222;219;de l'Esplanade / Mont-Royal;45.518228;-73.587772;[-73.587772, 45.518228];1;0;0;1;0;11
6223;220;Mont-Royal / du Parc;45.517;-73.589;[-73.589, 45.517];1;0;0;1;0;33
6224;221;Villeneuve/ Parc;45.51829;-73.59235;[-73.59235, 45.51829];1;0;0;1;0;15
6225;222;Villeneuve / St-Urbain;45.520188;-73.590559;[-73.590559, 45.520188];1;0;0;1;0;11
6226;223;Hopital Maisonneuve Rosemont (Rosemont/Chatelain);45.575707;-73.561562;[-73.561562, 45.575707];1;0;0;1;0;35
6227;224;Esplanade/Laurier;45.520906;-73.594499;[-73.594499, 45.520906];1;0;0;1;0;23
6228;284;Waverly / Van Horne;45.527363;-73.607723;[-73.607723, 45.527363];1;0;0;1;0;11
6229;225;Coloniale/ Mont-Royal;45.52102;-73.585514;[-73.585514, 45.52102];1;0;0;1;0;15
6230;226;Waverly / Saint-Viateur;45.52402527;-73.60042155;[-73.60042154789, 45.524025271152];1;0;0;1;0;15
6231;227;Saint-Viateur / du Parc;45.52246;-73.6019;[-73.6019, 45.52246];1;0;0;1;0;23
6232;285;Hutchison / Van Horne;45.52502123;-73.61073732;[-73.610737323761, 45.525021229213];1;0;0;1;0;19
6233;286;Bernard / Jeanne-Mance;45.52429587;-73.60484719;[-73.604847192764, 45.524295872823];1;0;0;1;0;27
6234;228;Bernard / Clark;45.52697;-73.60261;[-73.60261, 45.52697];1;0;0;1;0;23
6235;229;Saint-Dominique / Saint-Viateur;45.52654332;-73.59823287;[-73.598232865334, 45.52654331973];1;0;0;1;0;19
6236;230;Bordeaux/Laurier;45.537456;-73.579291;[-73.579291, 45.537456];1;0;0;1;0;31
6237;232;Gilford/Lanaudière;45.532013;-73.580541;[-73.580541, 45.532013];1;0;0;1;0;14
6240;236;Hudson/Kent;45.505973;-73.629593;[-73.629593, 45.505973];1;0;0;1;0;23
6241;237;Querbes / Laurier;45.517345;-73.597724;[-73.597724, 45.517345];1;0;0;1;0;15
6243;239;Bloomfield / Bernard;45.519861;-73.606786;[-73.606786, 45.519861];1;0;0;1;0;19
6245;241;Bloomfield / Van Horne;45.5225858;-73.61265779;[-73.61265779, 45.5225858];1;0;0;1;0;14
6246;242;Métro Outremont (Wiseman / Van Horne);45.520265;-73.614887;[-73.614887, 45.520265];1;0;0;1;0;20
6247;243;Casgrain / Saint-Zotique;45.53304;-73.61108;[-73.61108, 45.53304];1;0;0;1;0;15
6248;244;St-Dominique/Rachel;45.518593;-73.581566;[-73.581566, 45.518593];1;0;0;1;0;23
6249;245;Bélanger / Saint-Denis;45.53696;-73.61199;[-73.61199, 45.53696];1;0;0;1;0;15
6250;246;Henri-Julien / Jean-Talon;45.53707;-73.61529;[-73.61529, 45.53707];1;0;0;1;0;23
6251;247;Gaspé/Dante;45.534377;-73.612278;[-73.612278, 45.534377];1;0;0;1;0;19
6252;248;Mozart / Saint-Laurent;45.53318;-73.61544;[-73.61544, 45.53318];1;0;0;1;0;2
6253;249;Lajeunesse / Jean-Talon;45.5397368;-73.61425638;[-73.614256381989, 45.539736803045];1;0;0;1;0;15
6254;250;Boyer / Bélanger;45.54006;-73.60897;[-73.60897, 45.54006];1;0;0;1;0;19
6255;251;Boyer / Saint-Zotique;45.53848;-73.60556;[-73.60556, 45.53848];1;0;0;1;0;19
6257;253;Saint-Vallier / Saint-Zotique;45.536299;-73.607773;[-73.607773, 45.536299];1;0;0;1;0;15
6258;254;Parc Père-Marquette (Chambord / Rosemont);45.537035;-73.593126;[-73.593126, 45.537035];1;0;0;1;0;31
6259;255;Dandurand/De Lorimier;45.540881;-73.584157;[-73.584157, 45.540881];1;0;0;1;0;14
6260;256;Dandurand/Papineau;45.538589;-73.586302;[-73.586302, 45.538589];1;0;0;1;0;19
6261;257;Louis Hémon / Rosemont;45.54458;-73.588069;[-73.588069, 45.54458];1;0;0;1;0;19
6262;258;de la Roche /  Bellechasse ;45.537202;-73.597884;[-73.597884, 45.537202];1;0;0;1;0;1
6263;259;Hampton/Monkland;45.4714;-73.6266;[-73.6266, 45.4714];1;0;0;1;0;15
6264;260;Chabot / Bellechasse;45.5427;-73.59212;[-73.59212, 45.5427];1;0;0;1;0;15
6265;261;Parthenais / Laurier;45.539259;-73.577338;[-73.577338, 45.539259];1;0;0;1;0;19
6266;262;Louis-Hébert / Beaubien;45.54857;-73.59268;[-73.59268, 45.54857];1;0;0;1;0;19
6267;263;de Bordeaux / Beaubien;45.54475;-73.5949;[-73.5949, 45.54475];1;0;0;1;0;2
6268;264;Chambord / Beaubien;45.539964;-73.599716;[-73.599716, 45.539964];1;0;0;1;0;19
6269;265;de Normanville / Saint-Zotique;45.54083;-73.60384;[-73.60384, 45.54083];1;0;0;1;0;7
6270;266;Fabre / Saint-Zotique;45.543541;-73.600982;[-73.600982, 45.543541];1;0;0;1;0;19
6271;267;Casgrain / de Bellechasse;45.529993;-73.604214;[-73.604214, 45.529993];1;0;0;1;0;23
6272;268;Bordeaux / Saint-Zotique;45.546526;-73.598442;[-73.598442, 45.546526];1;0;0;1;0;15
6273;269;Cartier / Bélanger;45.546939;-73.602616;[-73.602616, 45.546939];1;0;0;1;0;19
6274;270;De la Roche/St-Joseph;45.531164;-73.583695;[-73.583695, 45.531164];1;0;0;1;0;19
6275;271;Chambord / Jean-Talon;45.544828;-73.610458;[-73.610458, 45.544828];1;0;0;1;0;2
6276;272;Chambord / Bélanger;45.543077;-73.606585;[-73.606585, 45.543077];1;0;0;1;0;15
6277;293;Louis-Hémon / Beaubien;45.54705;-73.59353;[-73.59353, 45.54705];1;0;0;1;0;15
6278;273;Louis-Hébert / Saint-Zotique;45.55001;-73.59576;[-73.59576, 45.55001];1;0;0;1;0;11
6279;274;Louis-Hébert / Bélanger;45.551457;-73.598852;[-73.598852, 45.551457];1;0;0;1;0;15
6280;294;Fairmount/St-Dominique;45.524611;-73.594059;[-73.594059, 45.524611];1;0;0;1;0;15
6281;437;St-André/St-Joseph;45.528586;-73.585573;[-73.585573, 45.528586];1;0;0;1;0;15
6301;389;Parc Outremont (Bloomfield / Elmwood);45.518215;-73.603251;[-73.603251, 45.518215];1;0;0;1;0;15
6302;390;Stuart / Côte-Ste-Catherine;45.51529;-73.60628;[-73.60628, 45.51529];1;0;0;1;0;15
6303;391;Dunlop / Van Horne;45.514905;-73.619682;[-73.619682, 45.514905];1;0;0;1;0;11
6304;392;Rockland / Lajoie;45.515617;-73.614991;[-73.614991, 45.515617];1;0;0;1;0;15
6305;393;Davaar / Côte-Sainte-Catherine;45.514379;-73.610871;[-73.610871, 45.514379];1;0;0;1;0;15
6306;394;Mont-Royal / Vincent-D'Indy ;45.510086;-73.611429;[-73.611429, 45.510086];1;0;0;1;0;38
6307;309;Laval/Rachel;45.520018;-73.579463;[-73.579463, 45.520018];1;0;0;1;0;0
6309;311;5e ave/Verdun;45.456049;-73.571877;[-73.571877, 45.456049];1;0;0;1;0;23
6310;312;Darlington / Côte-Sainte-Catherine;45.505514;-73.621215;[-73.621215, 45.505514];1;0;0;1;0;31
6311;315;Drolet/St-Zotique;45.534795;-73.609546;[-73.609546, 45.534795];1;0;0;1;0;19
6312;314;Kent / Côte-Des-Neiges;45.501302;-73.633161;[-73.633161, 45.501302];1;0;0;1;0;23
6313;313;Palm/St-Remi;45.470303;-73.589848;[-73.589848, 45.470303];1;0;0;1;0;19
6314;316;De Lanaudiere/Marie-Anne;45.529219;-73.574777;[-73.574777, 45.529219];1;0;0;1;0;19
6315;317;Gatineau/Lacombe ;45.497598;-73.622442;[-73.622442, 45.497598];1;0;0;1;0;15
6316;318;Parc Jean-Brillant (Swail / Decelles);45.497011;-73.618575;[-73.618575, 45.497011];1;0;0;1;0;27
6321;396;Gary Carter / St-Laurent;45.536152;-73.622351;[-73.622351, 45.536152];1;0;0;1;0;0
6322;355;St-Dominique / Villeray;45.537813;-73.624872;[-73.624872, 45.537813];1;0;0;1;0;15
6323;332;Guizot / Saint-Laurent;45.539964;-73.634319;[-73.634319, 45.539964];1;0;0;1;0;15
6324;356;de Liège / Lajeunesse;45.54554156;-73.63474846;[-73.634748458862, 45.545541556277];1;0;0;1;0;15
6327;333;Faillon / Saint-Denis;45.53985704;-73.62038255;[-73.62038255, 45.53985704];1;0;0;1;0;15
6328;357;Drolet / Villeray;45.5401;-73.6234;[-73.6234, 45.5401];1;0;0;1;0;11
6329;334;Gounod / Saint-Denis;45.541791;-73.625894;[-73.625894, 45.541791];1;0;0;1;0;15
6330;335;De Gaspé / Jarry;45.540627;-73.630089;[-73.630089, 45.540627];1;0;0;1;0;15
6331;336;Guizot / Saint-Denis;45.543376;-73.632267;[-73.632267, 45.543376];1;0;0;1;0;0
6332;337;De Gaspé / De Liège;45.542579;-73.636557;[-73.636557, 45.542579];1;0;0;1;0;15
6333;338;Leman/Chateaubriand;45.547218;-73.631103;[-73.631103, 45.547218];1;0;0;1;0;15
6334;339;Lajeunesse / Jarry;45.543583;-73.6284;[-73.6284, 45.543583];1;0;0;1;0;19
6335;340;Du Rosaire / Saint-Hubert;45.54467;-73.621581;[-73.621581, 45.54467];1;0;0;1;0;15
6336;341;Faillon / Saint-Hubert;45.542892;-73.617822;[-73.617822, 45.542892];1;0;0;1;0;19
6338;342;Boyer / Jarry;45.547283;-73.625377;[-73.625377, 45.547283];1;0;0;1;0;14
6339;343;Harvard/Monkland;45.4743;-73.6237;[-73.6237, 45.4743];1;0;0;1;0;15
6340;344;De La Roche / Everett;45.544867;-73.614841;[-73.614841, 45.544867];1;0;0;1;0;18
6341;345;Regina / Verdun;45.467369;-73.570769;[-73.570769, 45.467369];1;0;0;1;0;19
6343;346;Marquette / Villeray;45.550551;-73.615021;[-73.615021, 45.550551];1;0;0;1;0;1
6344;397;Saint-Dominique / Jean talon;45.535189;-73.617459;[-73.617459, 45.535189];1;0;0;1;0;23
6345;347;Louis-Hémon / Villeray;45.554931;-73.610711;[-73.610711, 45.554931];1;0;0;1;0;15
6346;348;Valois/Ste-Catherine;45.545409;-73.537669;[-73.537669, 45.545409];1;0;0;1;0;3
6347;349;Métro St-Michel ( Shaughnessy/St-Michel);45.559199;-73.599658;[-73.599658, 45.559199];1;0;0;1;0;11
6349;350;Coleraine/Butler;45.474165;-73.565231;[-73.565231, 45.474165];1;0;0;1;0;19
6350;351;Island/Centre;45.4815;-73.5644;[-73.5644, 45.4815];1;0;0;1;0;22
6354;358;Marcil/Sherbrooke;45.471743;-73.613924;[-73.613924, 45.471743];1;0;0;1;0;2
6355;359;Sicard/Ontario;45.5566;-73.5373;[-73.5373, 45.5566];1;0;0;1;0;19
6356;360;Monkland/Girouard;45.4771;-73.6212;[-73.6212, 45.4771];1;0;0;1;0;15
6357;361;12e Avenue / Saint-Zotique;45.556905;-73.58925;[-73.58925, 45.556905];1;0;0;1;0;15
6358;362;6e avenue /St-Zotique;45.553243;-73.592336;[-73.592336, 45.553243];1;0;0;1;0;19
6359;363;Métro Champs-de-Mars (Viger/Sanguinet);45.510499;-73.55653;[-73.55653, 45.510499];1;0;0;1;0;25
6360;364;8e Avenue / Beaubien;45.553215;-73.58752;[-73.58752, 45.553215];1;0;0;1;0;4
6361;365;1ere Avenue / Beaubien;45.550476;-73.590446;[-73.590446, 45.550476];1;0;0;1;0;15
6362;366;1ere Avenue / Rosemont;45.547997;-73.58523;[-73.58523, 45.547997];1;0;0;1;0;19
6363;367;Côte St-Antoine/Royal;45.4688;-73.6198;[-73.6198, 45.4688];1;0;0;1;0;15
6364;368;Chambly / Rachel;45.549639;-73.558292;[-73.558292, 45.549639];1;0;0;1;0;19
6366;370;Wilderton  / Van Horne;45.510042;-73.624835;[-73.624835, 45.510042];1;0;0;1;0;15
6367;371;3e Avenue / Dandurand;45.547362;-73.579221;[-73.579221, 45.547362];1;0;0;1;0;15
6368;372;10e Avenue / Masson;45.550321;-73.573755;[-73.573755, 45.550321];1;0;0;1;0;19
6369;373;West Broadway/Sherbrooke;45.45639046;-73.6402148;[-73.6402148, 45.45639046];1;0;0;1;0;9
6370;374;D'Orléans / Masson;45.557192;-73.569847;[-73.569847, 45.557192];1;0;0;1;0;15
6371;375;4e Avenue / Masson;45.546978;-73.575515;[-73.575515, 45.546978];1;0;0;1;0;30
6372;376;Molson / Masson;45.544099;-73.576931;[-73.576931, 45.544099];1;0;0;1;0;23
6373;377;9e Avenue / Saint-Joseph;45.548327;-73.569351;[-73.569351, 45.548327];1;0;0;1;0;11
6374;378;15e Avenue / Laurier;45.553408;-73.569531;[-73.569531, 45.553408];1;0;0;1;0;19
6375;379;Metro Place St-Henri (St-Ferdinand/St-Jacques);45.477249;-73.587238;[-73.587238, 45.477249];1;0;0;1;0;19
6376;380;18e Avenue / Saint-Joseph;45.554165;-73.564742;[-73.564742, 45.554165];1;0;0;1;0;14
6377;381;Grand trunk/Hibernia;45.47968;-73.56385;[-73.56385, 45.47968];1;0;0;1;0;19
6379;383;Bannantyne /de l'Eglise;45.463257;-73.575621;[-73.575621, 45.463257];1;0;0;1;0;15
6380;384;Parc J.-Arthur-Champagne (Chambly/Mont-Royal);45.551584;-73.561916;[-73.561916, 45.551584];1;0;0;1;0;19
6381;385;Omer-Lavallée / Midway;45.545474;-73.561937;[-73.561937, 45.545474];1;0;0;1;0;23
6383;319;Jardin Botanique;45.555029;-73.554902;[-73.554902, 45.555029];1;0;0;1;0;19
6384;387;Darling / Sherbrooke;45.545425;-73.556527;[-73.556527, 45.545425];1;0;0;1;0;3
6385;320;Bordeaux/Gilford;45.536178;-73.57641;[-73.57641, 45.536178];1;0;0;1;0;23
6386;321;Métro Préfontaine (Moreau / Hochelaga);45.541814;-73.554635;[-73.554635, 45.541814];1;0;0;1;0;21
6387;322;Métro Joliette  (joliette/Hochelaga);45.547179;-73.551739;[-73.551739, 45.547179];1;0;0;1;0;19
6388;323;D'Orléans / Hochelaga;45.550668;-73.549502;[-73.549502, 45.550668];1;0;0;1;0;11
6389;324;Boyer / Jean-Talon;45.541484;-73.612441;[-73.612441, 45.541484];1;0;0;1;0;15
6391;325;Aylwin / Ontario;45.544136;-73.545609;[-73.545609, 45.544136];1;0;0;1;0;13
6393;327;Ontario / Dézéry;45.541044;-73.547407;[-73.547407, 45.541044];1;0;0;1;0;33
6394;328;Nicolet / Rouen;45.54757;-73.547448;[-73.547448, 45.54757];1;0;0;1;0;23
6395;329;Pierre-de-Coubertin / Aird;45.55896;-73.548687;[-73.548687, 45.55896];1;0;0;1;0;40
6396;388;Métro Pie-IX (Pierre-de-Coubertin / Pie-IX);45.553879;-73.551761;[-73.551761, 45.553879];1;0;0;1;0;41
6397;330;Marché Maisonneuve;45.553491;-73.53931;[-73.53931, 45.553491];1;0;0;1;0;23
6398;331;Desjardins / Ontario;45.551119;-73.540764;[-73.540764, 45.551119];1;0;0;1;0;27
6401;301;des Seigneurs / Notre-Dame;45.487676;-73.568868;[-73.568868, 45.487676];1;0;0;1;0;15
6402;302;Sir Georges Etienne Cartier/Ste-Émilie;45.472743;-73.585369;[-73.585369, 45.472743];1;0;0;1;0;18
6403;303;Georges-Vanier / Notre-Dame;45.48501;-73.57178;[-73.57178, 45.48501];1;0;0;1;0;18
6404;304;Quesnel/Vinet;45.485889;-73.577514;[-73.577514, 45.485889];1;0;0;1;0;23
6405;305;Duvernay/charlevoix ;45.48203995;-73.57486278;[-73.57486278, 45.48203995];1;0;0;1;0;19
6406;306;Marché Atwater;45.480359;-73.577102;[-73.577102, 45.480359];1;0;0;1;0;33
6407;307;Métro Lionel-Groulx ( Lionel-Groulx /Charlevoix);45.48392802;-73.57731164;[-73.57731164, 45.48392802];1;0;0;1;0;31
6408;308;Saint-Antoine / Canning (Metro George-Vanier);45.4891;-73.57656;[-73.57656, 45.4891];1;0;0;1;0;17
6409;399;Lionel-Groulx / George-Vanier;45.486457;-73.573286;[-73.573286, 45.486457];1;0;0;1;0;19
6410;424;Basile-Routhier / Crémazie;45.547009;-73.637951;[-73.637951, 45.547009];1;0;0;1;0;19
6411;432;Clark/Prince Arthur;45.513338;-73.57295;[-73.57295, 45.513338];1;0;0;1;0;15
6412;425;Complexe sportif Claude-Robillard (émile Journault);45.553262;-73.638615;[-73.638615, 45.553262];1;0;0;1;0;2
6413;426;Square Phillips 2;45.503797;-73.568031;[-73.568031, 45.503797];1;0;0;1;0;56
6414;427;Agnes/Guay;45.479582;-73.585989;[-73.585989, 45.479582];1;0;0;1;0;2
6415;413;Wilson/Sherbrooke;45.4703;-73.6162;[-73.6162, 45.4703];1;0;0;1;0;15
6416;418;Ave Notre Dame de Grâce / Décarie;45.477313;-73.615327;[-73.615327, 45.477313];1;0;0;1;0;15
6417;414;Desjardins/Hochelaga;45.55325;-73.54822;[-73.54822, 45.55325];1;0;0;1;0;0
6418;415;Metro Vendome (Maisonneuve / Marlowe);45.473775;-73.604223;[-73.604223, 45.473775];1;0;0;1;0;19
6419;419;Beaucourt /Cote Ste-Catherine;45.491513;-73.633649;[-73.633649, 45.491513];1;0;0;1;0;5
6420;422;Trans Island/Queen Mary ;45.484489;-73.628834;[-73.628834, 45.484489];1;0;0;1;0;19
6421;417;Cartier/Rosemont;45.541198;-73.590943;[-73.590943, 45.541198];1;0;0;1;0;19
6422;423;Fleury/Lajeunesse;45.5536;-73.6616;[-73.6616, 45.5536];1;0;0;1;0;15
6423;421;Hôpital général juif;45.496302;-73.629822;[-73.629822, 45.496302];1;0;0;1;0;15
6424;416;President kennedy/Mcgill College;45.503063;-73.573986;[-73.573986, 45.503063];1;0;0;1;0;23
6425;428;Ross / Ave de Léglise;45.462742;-73.565845;[-73.565845, 45.462742];1;0;0;1;0;17
6426;429;Willibord / Verdun;45.459707;-73.571438;[-73.571438, 45.459707];1;0;0;1;0;23
6427;430;Rushbrooke / Gilberte-Dubé;45.471479;-73.564845;[-73.564845, 45.471479];1;0;0;1;0;19
6428;433;Berlioz/Boul de l'Ile des Soeurs;45.459593;-73.544377;[-73.544377, 45.459593];1;0;0;1;0;15
6429;431;Place du Commerce;45.46714;-73.54259;[-73.54259, 45.46714];1;0;0;1;0;30
6432;438;Boul Maisonneuve/Greene;45.48697062;-73.58929306;[-73.58929306, 45.48697062];1;0;0;1;0;2
6433;439;Hillside / Ste-Catherine;45.4829;-73.591;[-73.591, 45.4829];1;0;0;1;0;2
6434;440;Victoria/Maisonneuve;45.477581;-73.600353;[-73.600353, 45.477581];1;0;0;1;0;11
6435;441;Victorial Hall;45.4816;-73.6;[-73.6, 45.4816];1;0;0;1;0;15
6436;442;Argyle / Sherbrooke;45.486;-73.5959;[-73.5959, 45.486];1;0;0;1;0;1
6501;406;Métro Jean-Drapeau;45.512097;-73.53382;[-73.53382, 45.512097];1;0;0;1;0;27
6502;407;Quai de la navette fluviale;45.511146;-73.537658;[-73.537658, 45.511146];1;0;0;1;0;19
6503;408;Métro Parc  (Ogilvy/Hutchison);45.530617;-73.624052;[-73.624052, 45.530617];1;0;0;1;0;17
6504;409;La Ronde;45.521769;-73.534859;[-73.534859, 45.521769];1;0;0;1;0;22
6700;454;Lasalle / Ste-Catherine;45.550056;-73.534576;[-73.534576, 45.550056];1;0;0;1;0;11
6701;455;Viau /Pierre de Coubertain;45.563029;-73.547909;[-73.547909, 45.563029];1;0;0;1;0;19
6702;456;Chauveau/Assomption;45.569789;-73.548081;[-73.548081, 45.569789];1;0;0;1;0;15
6703;457;St-Zotique/39e;45.573621;-73.574892;[-73.574892, 45.573621];1;0;0;1;0;23
6704;458;19e/St-Zotique;45.561594;-73.585643;[-73.585643, 45.561594];1;0;0;1;0;15
6705;459;5e ave/Bannantyne;45.456365;-73.57614;[-73.57614, 45.456365];1;0;0;1;0;15
6706;460;Beatty/Verdun;45.450837;-73.572446;[-73.572446, 45.450837];1;0;0;1;0;11
6707;461;Drake / De Sève;45.456026;-73.58229;[-73.58229, 45.456026];1;0;0;1;0;15
6708;462;Gauchetière/Bleury;45.504561;-73.56279;[-73.56279, 45.504561];1;0;0;1;0;19
6709;463;Le Caron / Marc-Sauvalle ;45.461685;-73.584039;[-73.584039, 45.461685];1;0;0;1;0;15
6710;464;Georges Baril/ Fleury;45.558457;-73.65884;[-73.65884, 45.558457];1;0;0;1;0;0
6711;465;Alexandra/Waverly;45.531938;-73.617842;[-73.617842, 45.531938];1;0;0;1;0;19
6712;466;Lasalle/Crawford;45.438201;-73.58251;[-73.58251, 45.438201];1;0;0;1;0;18
6713;467;30e / St-Zotique;45.56822507;-73.57943594;[-73.57943594, 45.56822507];1;1;0;1;0;15
6714;468;Boul Lasalle/Alepin;45.432826;-73.588711;[-73.588711, 45.432826];1;0;0;1;0;19
6715;469;Natatorium (Lasalle/Rolland);45.444433;-73.575788;[-73.575788, 45.444433];1;0;0;1;0;19
6716;470;Francis/Fleury;45.563947;-73.655573;[-73.655573, 45.563947];1;0;0;1;0;15
6717;471;Kent/Victoria;45.494805;-73.638772;[-73.638772, 45.494805];1;0;0;1;0;23
6718;472;Grand boulevard/Sherbrooke;45.466569;-73.623295;[-73.623295, 45.466569];1;0;0;1;0;3
6719;473;Park Row W/Sherbrooke;45.461843;-73.632297;[-73.632297, 45.461843];1;0;0;1;0;15
6720;474;Ontario/Ville Marie;45.559889;-73.53504;[-73.53504, 45.559889];1;0;0;1;0;23
6721;475;Cadillac/Sherbrooke;45.577021;-73.546783;[-73.546783, 45.577021];1;0;0;1;0;19
6722;476;Bossuet/Pierre de coubertain;45.573906;-73.539659;[-73.539659, 45.573906];1;0;0;1;0;19
6723;477;26e/beaubien;45.564944;-73.577639;[-73.577639, 45.564944];1;0;0;1;0;15
6724;478;Square Sir-Georges-Étienne-Cartier / Léa Roback;45.471926;-73.58247;[-73.58247, 45.471926];1;0;0;1;0;18
6725;479;Dubois / Eadie;45.457606;-73.590551;[-73.590551, 45.457606];1;0;0;1;0;19
6726;480;Hamel/Sauvé;45.560742;-73.65041;[-73.65041, 45.560742];1;0;0;1;0;15
6727;481;Richardson/Montmorency;45.484857;-73.560323;[-73.560323, 45.484857];1;0;0;1;0;18
6728;482;Champagneur/Jean Talon;45.526904;-73.624331;[-73.624331, 45.526904];1;0;0;1;0;15
6729;483;St-André/Maisonneuve;45.517062;-73.559781;[-73.559781, 45.517062];1;0;0;1;0;5
6730;484;35e/beaubien;45.570081;-73.573047;[-73.573047, 45.570081];1;0;0;1;0;15
6731;487;28e ave/Rosemont;45.564353;-73.571244;[-73.571244, 45.564353];1;0;0;1;0;23
6732;486;Fortune/wellington;45.477923;-73.559038;[-73.559038, 45.477923];1;0;0;1;0;19
6733;485;Rousselot/Villeray;45.548931;-73.616837;[-73.616837, 45.548931];1;0;0;1;0;15
6734;489;Rousselot/Jarry;45.550896;-73.621091;[-73.621091, 45.550896];1;0;0;1;0;15
6735;492;François Perrault / LO David;45.561396;-73.601544;[-73.601544, 45.561396];1;0;0;1;0;15
6736;490;Basile Routhier/Gouin;45.556697;-73.670771;[-73.670771, 45.556697];1;0;0;1;0;19
6737;491;Jacques Cassault/Christophe-Colomb;45.552123;-73.630103;[-73.630103, 45.552123];1;0;0;1;0;18
6738;493;Union/René Lévesque;45.50233;-73.566497;[-73.566497, 45.50233];1;0;0;1;0;23
6739;495;Repentigny/Sherbrooke;45.58077;-73.544766;[-73.544766, 45.58077];1;0;0;1;0;15
6740;6740;Dollard/Ducharme;45.520307;-73.618686;[-73.618686, 45.520307];0;0;0;1;0;15
6741;496;Murray/William;45.493658;-73.562256;[-73.562256, 45.493658];1;0;0;1;0;1
6742;497;Briand/Carron;45.462362;-73.59665;[-73.59665, 45.462362];1;0;0;1;0;15
6743;498;St-Marc/Sherbrooke;45.494514;-73.583368;[-73.583368, 45.494514];1;0;0;1;0;19
6744;499;Hamilton/Jolicoeur;45.456355;-73.597557;[-73.597557, 45.456355];1;0;0;1;0;15
6745;500;Outremont / Ogilvy;45.526856;-73.626672;[-73.626672, 45.526856];1;0;0;1;0;14
6746;501;Birnam /Jean Talon;45.524814;-73.625554;[-73.625554, 45.524814];1;0;0;1;0;15
6747;502;Waverly / St-Zotique;45.5306;-73.614616;[-73.614616, 45.5306];1;0;0;1;0;15
6748;503;Rufus Rockhead/Atwater;45.479728;-73.575812;[-73.575812, 45.479728];1;0;0;1;0;23
6749;504;St-Jacques/St-Laurent;45.506445;-73.556352;[-73.556352, 45.506445];1;0;0;1;0;0
6750;505;Rachel/Des Érables;45.533501;-73.566776;[-73.566776, 45.533501];1;0;0;1;0;23
6901;10;Sainte-Catherine / Saint-Denis;45.51371137;-73.56054783;[-73.560547828674, 45.513711370744];1;0;0;1;0;39
6902;21;Montcalm/Ontario;45.521165;-73.562441;[-73.562441, 45.521165];1;0;0;1;0;19
6903;233;Napoleon/St-Dominique;45.516777;-73.577784;[-73.577784, 45.516777];1;0;0;1;0;23
6904;275;Fabre / Beaubien;45.542055;-73.597793;[-73.597793, 45.542055];1;0;0;1;0;15
6905;276;Parc Rosemont (Dandurand/d'Iberville);45.544377;-73.581018;[-73.581018, 45.544377];1;0;0;1;0;19
6906;277;St-Valier/Rosemont;45.531968;-73.597943;[-73.597943, 45.531968];1;0;0;1;0;23
6907;278;Boyer / Rosemont;45.534136;-73.595478;[-73.595478, 45.534136];1;0;0;1;0;23
6908;279;Bellechasse/St-Valier;45.533473;-73.601221;[-73.601221, 45.533473];1;0;0;1;0;19
6910;289;Boyer / Beaubien;45.537041;-73.602026;[-73.602026, 45.537041];1;0;0;1;0;19
6912;82;Chateaubriand / Beaubien;45.535431;-73.603522;[-73.603522, 45.535431];1;0;0;1;0;27
6913;127;Drolet / Beaubien;45.533348;-73.605834;[-73.605834, 45.533348];1;0;0;1;0;19
6915;128;Alma / Beaubien;45.532396;-73.606655;[-73.606655, 45.532396];1;0;0;1;0;19
6916;129;Parc du Pélican (2e ave/St-Joseph);45.544513;-73.571564;[-73.571564, 45.544513];1;0;0;1;0;19
6917;287;Basile-Routhier / Chabanel;45.549949;-73.647982;[-73.647982, 45.549949];1;0;0;1;0;11
6918;130;9e Avenue / Dandurand;45.550769;-73.57711;[-73.57711, 45.550769];1;0;0;1;0;11
6919;288;10e Avenue / Rosemont;45.552649;-73.581185;[-73.581185, 45.552649];1;0;0;1;0;14
6921;280;Island/Augustin-Cantin;45.48264173;-73.56613219;[-73.56613219, 45.48264173];1;0;0;1;0;15
6923;131;Marquette / Jean-Talon;45.54735612;-73.60760987;[-73.60760986805, 45.547356123152];1;0;0;1;0;19
6924;234;de Bordeaux / Jean-Talon;45.54970408;-73.60551238;[-73.6055123806, 45.549704078239];1;0;0;1;0;15
6925;132;des Écores / Jean-Talon;45.55244261;-73.60300183;[-73.603001832962, 45.552442609135];1;0;0;1;0;19
6926;281;Marie-anne/ St-Hubert;45.524634;-73.578755;[-73.578755, 45.524634];1;0;0;1;0;15
6927;282;Édouard-Montpetit / Stirling;45.50723;-73.615085;[-73.615085, 45.50723];1;0;0;1;0;19
6928;283;Louis-Colin / McKenna;45.500035;-73.618105;[-73.618105, 45.500035];1;0;0;1;0;23
6929;452;St-André/St-Grégoire;45.53133;-73.59155;[-73.59155, 45.53133];1;0;0;1;0;15
10002;297;Métro Charlevoix (Centre / Charlevoix);45.47822787;-73.56965125;[-73.569651246071, 45.478227873091];1;0;0;1;0;15
