SRIDU;F;M;total;mtmx;mtmy;lng;lat;superficie
4620002.00;0;58.14;58.14;303464.8;5051936.4;-73.51711807;45.6073284;0.39
4620003.00;43.53;207.22;250.75;303007.7;5052080.7;-73.52297876;45.60862587;0.74
4620004.00;97.28;170.68;267.96;302909.1;5051308.6;-73.52423963;45.60167809;0.45
4620005.00;59.44;55.72;115.16;303808.7;5050932.5;-73.51270642;45.59829626;0.56
4620006.00;26;28.94;54.94;303911.9;5050339.7;-73.51138259;45.59296222;0.65
4620007.00;65.41;110.11;175.52;302538.2;5050542;-73.52899099;45.59477955;1.1
4620008.00;0;53.04;53.04;303895.8;5049804.7;-73.51158821;45.58814733;0.62
4620009.00;40.94;48.98;89.92;303093.3;5048152;-73.5218673;45.57327473;4.26
4620010.00;0;79.68;79.68;302405.5;5048669.8;-73.53068265;45.57793239;0.93
4620011.00;51.41;59.18;110.59;302143.1;5049625;-73.53404948;45.58652644;1.25
4620012.01;0;48.72;48.72;301664.1;5048925.1;-73.54018354;45.58022635;0.24
4620012.02;0;30.49;30.49;301715.7;5048667.3;-73.53952093;45.57790644;0.4
4620013.00;93.84;186.36;280.2;301338.2;5047874.2;-73.54435216;45.57076827;1.08
4620014.01;28.74;322.78;351.52;301473.2;5046598.6;-73.54261457;45.55929081;0.91
4620014.02;14.79;90.46;105.25;300971.1;5046886.7;-73.54904766;45.56188034;0.88
4620015.00;252.34;185.14;437.48;302157.4;5046617.7;-73.53384984;45.55946559;0.38
4620016.00;19.93;49.82;69.75;302731.6;5046393.5;-73.52649425;45.5574501;0.52
4620017.00;39.74;48.8;88.54;302406.4;5045979.7;-73.53065794;45.55372554;0.22
4620018.00;227.78;211.9;439.68;302330.5;5045715.6;-73.53162799;45.551349;0.37
4620019.00;252.44;145.68;398.12;302162.2;5045528.9;-73.53378202;45.5496685;0.34
4620021.00;37.07;208.25;245.32;302058.1;5044976.8;-73.53511313;45.5447;0.44
4620022.00;0;126.3;126.3;301893.3;5044561.8;-73.53722035;45.54096503;0.17
4620023.00;57.56;23.96;81.52;301506.9;5044114.2;-73.54216597;45.53693597;0.36
4620024.00;172.66;346.02;518.68;301250.9;5044389.6;-73.54544606;45.5394126;0.27
4620025.00;150.2;145.49;295.69;301570.8;5045260.8;-73.54135458;45.54725322;0.22
4620026.00;100.05;104.89;204.94;301316.5;5045389.4;-73.54461209;45.54840915;0.17
4620027.00;0;34.35;34.35;301121.7;5045027.6;-73.54710486;45.54515265;0.09
4620028.00;179.73;194.76;374.49;300936.8;5044534.5;-73.54946861;45.54071447;0.15
4620029.00;67.41;256.79;324.2;300852.7;5045053.2;-73.55054968;45.54538152;0.4
4620030.00;55.07;464.95;520.02;300678.6;5045684.2;-73.55278413;45.55105855;0.3
4620031.00;28.47;133.1;161.57;300459.2;5044851;-73.55558666;45.54355975;0.25
4620032.00;31.96;114.15;146.11;300232.2;5044211.3;-73.5584884;45.53780168;0.13
4620033.00;58.91;50.08;108.99;300443.8;5044118.7;-73.55577784;45.53697049;0.16
4620034.00;321.15;273.76;594.91;300721.6;5044053.6;-73.55221968;45.53638641;0.22
4620035.00;113.2;213.86;327.06;300305.5;5043664.3;-73.55754427;45.53288044;0.18
4620036.00;142.51;312.92;455.43;300178.5;5043443.6;-73.55916909;45.53089326;0.19
4620037.00;16.38;145.07;161.45;300987.1;5043705.8;-73.54881856;45.53325789;0.51
4620038.00;118.44;63.25;181.69;300829.3;5043230.3;-73.55083506;45.52897851;0.22
4620039.00;29.19;140.47;169.66;301402.8;5043132.8;-73.54349189;45.52810427;0.47
4620040.00;0;17.35;17.35;302254;5041858.5;-73.53258751;45.51664118;2.09
4620041.00;111.35;237.4;348.75;300972.1;5042501.3;-73.54900019;45.52241902;0.26
4620042.00;63.67;48.55;112.22;300692.3;5042267.8;-73.55257995;45.52031674;0.1
4620043.00;62.78;242.65;305.43;300884.3;5042024;-73.55012118;45.5181238;0.34
4620044.00;135.35;429.47;564.82;300161.1;5042257.6;-73.55938026;45.52022168;0.14
4620045.00;36.84;154.98;191.82;300486.7;5042418.9;-73.55521365;45.52167522;0.12
4620046.00;72.65;380.85;453.5;300209.1;5042549.9;-73.55876776;45.5228519;0.16
4620047.00;0;88.84;88.84;300393.9;5042901.1;-73.55640552;45.52601378;0.12
4620048.00;25.06;157.78;182.84;300070.9;5043131.8;-73.5605429;45.52808718;0.14
4620049.00;162.99;522.85;685.84;299909.1;5042787.1;-73.56261073;45.52498456;0.16
4620050.00;246.42;125;371.42;299800.7;5042446.2;-73.56399556;45.52191622;0.07
4620051.00;375.24;600.24;975.48;299823.5;5041959.5;-73.56369834;45.51753671;0.22
4620052.00;193.98;526.51;720.49;300037.7;5041972.6;-73.56095655;45.51765642;0.14
4620053.00;195.67;434.96;630.63;300284.1;5041647.6;-73.55780009;45.5147336;0.1
4620054.00;72.03;139.23;211.26;300490.3;5041551.6;-73.55515996;45.51387099;0.15
4620055.01;635.91;636.65;1272.56;300536.8;5040803.3;-73.55455877;45.50713787;0.71
4620056.00;288.7;742.42;1031.12;299966.5;5040738.5;-73.56185626;45.50655095;0.29
4620057.00;35.65;46.43;82.08;300171.8;5041023.4;-73.55923145;45.50911598;0.14
4620058.00;184.64;261.44;446.08;300261;5041261.2;-73.5580923;45.51125584;0.15
4620059.00;501.69;799.37;1301.06;299746.7;5041460.7;-73.56467598;45.51304802;0.2
4620061.00;384.37;494.73;879.1;299460.5;5041039;-73.56833521;45.50925089;0.22
4620062.00;921.49;2780.12;3701.61;299428.3;5040329.7;-73.56873963;45.50286861;0.83
4620063.00;128.35;510.83;639.18;299133.4;5039557.4;-73.5725034;45.495916;0.36
4620064.00;298.15;467.28;765.43;298741;5039826;-73.57752808;45.49832967;0.24
4620065.01;109.77;206.6;316.37;298461.4;5039389.8;-73.58109957;45.49440257;0.14
4620065.02;141.04;381.35;522.39;298202.3;5039020.3;-73.58441009;45.49107523;0.15
4620066.01;26.21;153.09;179.3;298748.9;5039108.2;-73.57741782;45.49187089;0.22
4620066.02;37.87;63.99;101.86;298440.8;5038807;-73.58135563;45.48915765;0.18
4620067.00;13.94;0;13.94;298649.8;5038465.1;-73.57867784;45.48608312;0.15
4620068.00;26.44;0;26.44;299041.5;5038857;-73.57367085;45.4896127;0.18
4620069.00;68.38;218.19;286.57;299825.6;5039541.1;-73.56364758;45.4957752;0.69
4620070.00;394.99;599.86;994.85;300238.2;5039582.3;-73.55836858;45.49614855;0.62
4620071.00;15.68;0;15.68;300839.1;5038869.3;-73.55067356;45.48973667;0.47
4620072.00;128.11;253.31;381.42;301308.5;5038093.3;-73.54466349;45.48275617;2.58
4620073.00;0;39.46;39.46;300088.4;5038357.7;-73.56027358;45.48512768;0.33
4620074.00;84.06;159.61;243.67;299844.4;5037463.2;-73.56338582;45.47707719;0.4
4620075.00;23.64;36.06;59.7;299623.9;5037616.1;-73.5662079;45.47845178;0.31
4620076.00;39.4;42.27;81.67;299421.1;5037936;-73.56880528;45.48132875;0.35
4620077.00;109.18;75.27;184.45;299402;5038550.9;-73.5690561;45.48686143;0.42
4620078.00;112.76;98.37;211.13;298981;5038046;-73.57443632;45.48231459;0.39
4620079.00;123.18;509.98;633.16;298370;5037621.2;-73.58224623;45.47848667;0.61
4620081.00;0;153.91;153.91;297989.4;5037724.6;-73.58711548;45.47941354;0.26
4620083.00;44.72;0;44.72;297883.6;5036924.9;-73.58845803;45.47221661;0.43
4620084.00;49.56;67;116.56;297432.2;5036554.3;-73.59422485;45.4688768;0.37
4620086.00;18.18;169.4;187.58;298138.9;5035496;-73.58517356;45.45936087;0.52
4620087.00;55.16;91.19;146.35;297486.7;5035887.1;-73.59351905;45.4628739;0.26
4620088.00;82.85;105.12;187.97;297631;5035372.7;-73.59166637;45.45824696;0.33
4620089.00;81.02;95.04;176.06;297785.3;5034720.2;-73.58968342;45.45237715;0.51
4620090.00;139.63;166.23;305.86;297049.9;5034250.9;-73.5990789;45.44814635;0.45
4620091.00;0;46.27;46.27;296820;5033721;-73.60200887;45.44337525;0.99
4620092.00;50.48;423.5;473.98;296958.7;5034796;-73.60025249;45.45305047;0.56
4620093.00;39.46;109.82;149.28;296809.3;5035343.5;-73.60217155;45.45797496;0.73
4620094.01;41.43;86.86;128.29;296283.1;5036559.5;-73.60892088;45.46891119;1.78
4620094.02;0;28.76;28.76;295976.1;5035646.3;-73.61283128;45.46068986;1.88
4620095.00;61.08;0;61.08;296527.8;5037151.9;-73.60580218;45.47424483;0.23
4620096.00;125.78;256.43;382.21;296102.3;5036799.2;-73.61123787;45.47106575;0.19
4620097.01;100.36;49.15;149.51;295260.8;5036245;-73.62198875;45.46606745;0.35
4620097.02;66.45;22.55;89;294312.2;5035537.1;-73.63410541;45.45968425;0.39
4620098.00;49.03;97.96;146.99;292938.6;5035609.8;-73.65167;45.46031647;1.03
4620099.00;203.31;165.12;368.43;294485.4;5036069.9;-73.63190171;45.46448143;0.69
4620100.01;50.74;25.66;76.4;294011.2;5036562.2;-73.63797595;45.46890365;0.46
4620100.02;66.44;104.12;170.56;293693.6;5036017.4;-73.64202563;45.46399668;0.35
4620102.00;54.24;128.21;182.45;294411.5;5037109.1;-73.63286795;45.47383116;0.59
4620103.00;80.06;159.33;239.39;295151.1;5036628.1;-73.62339938;45.46951373;0.34
4620104.00;188.49;129.88;318.37;295469.5;5037041.4;-73.61933491;45.47323657;0.38
4620105.00;115.89;123.54;239.43;294829.9;5037440.9;-73.62752427;45.4768227;0.31
4620106.00;78.04;76.32;154.36;295462.8;5037471.9;-73.61942951;45.47711108;0.22
4620107.00;16.74;18.8;35.54;295673.9;5037466.3;-73.61672896;45.47706314;0.17
4620108.00;48.19;60.85;109.04;295887;5037786.4;-73.61400919;45.47994628;0.57
4620109.00;19.29;41.9;61.19;295264.4;5038198.8;-73.62198061;45.48364858;0.18
4620110.00;86.46;44.91;131.37;294817.6;5037827.3;-73.62768877;45.48029956;0.24
4620111.00;105.04;195.37;300.41;293885.2;5038472.1;-73.63962939;45.4860882;0.74
4620113.00;12.9;83;95.9;294615;5038755.3;-73.63029964;45.48864715;0.5
4620114.00;22.32;48.16;70.48;295319.3;5038310.5;-73.62128093;45.48465491;0.29
4620115.01;52.72;47.1;99.82;295446.2;5038744;-73.61966545;45.48855714;0.22
4620115.02;61.18;109.82;171;295873.6;5039286.3;-73.61420752;45.49344293;0.43
4620116.00;136.62;331.22;467.84;294855.9;5039245.9;-73.62722776;45.49306523;0.64
4620117.00;0;53.1;53.1;294504.4;5039607.4;-73.63173254;45.4963137;0.27
4620118.00;0;137.91;137.91;294245.9;5039886.5;-73.63504579;45.49882053;0.3
4620119.00;17.48;167.62;185.1;293681;5040154.2;-73.64227983;45.50122132;0.57
4620120.01;61.71;98.52;160.23;292156.7;5038818.1;-73.66175137;45.48917203;2.59
4620120.02;0;41.9;41.9;292886.5;5038756.8;-73.65241243;45.48863359;0.2
4620121.00;56.95;87.83;144.78;294102.8;5041216.1;-73.6369056;45.51078273;0.38
4620122.00;82.21;48.26;130.47;294506.7;5040745.6;-73.63172674;45.50655538;0.67
4620123.00;175.79;175.05;350.84;294943.6;5040420.3;-73.62612903;45.50363471;0.41
4620124.00;20.46;206.26;226.72;294896.4;5041076.4;-73.62674709;45.50953767;0.38
4620125.00;15.34;38.06;53.4;295126.8;5041370.5;-73.62380315;45.51218756;0.47
4620126.00;276.8;774.66;1051.46;295674.2;5040588.6;-73.61678355;45.505159;0.74
4620127.01;93.52;418.56;512.08;295365.3;5039900.7;-73.62072288;45.49896518;0.48
4620127.02;0;60.42;60.42;296521.1;5040052.1;-73.60593655;45.50034162;1.33
4620128.00;108.26;393.73;501.99;297645.8;5040272.7;-73.59154811;45.50233968;3
4620129.01;41.04;337.03;378.07;298278.2;5039933;-73.5834509;45.49928878;0.28
4620129.02;571.65;456.8;1028.45;298661;5040349.6;-73.57855776;45.50304108;0.36
4620130.00;138.32;189.7;328.02;298902.2;5040850.5;-73.57547725;45.50755025;0.16
4620131.00;86.88;14.65;101.53;298938.1;5041039.2;-73.57502032;45.50924869;0.1
4620132.00;209.76;214.09;423.85;299046.8;5041291.6;-73.5736317;45.51152036;0.27
4620133.00;182.59;305.69;488.28;299212.6;5041675.9;-73.57151512;45.51497986;0.15
4620134.00;60.89;163.27;224.16;299315.3;5041917;-73.57020246;45.51715093;0.09
4620135.00;215.46;178.23;393.69;298888.5;5042194.3;-73.5756686;45.51964222;0.12
4620136.00;223.51;342.88;566.39;298755.1;5041960.2;-73.57737408;45.51753454;0.18
4620137.00;143.49;192.78;336.27;298684;5041616.8;-73.57827893;45.514444;0.19
4620138.00;288.33;429.36;717.69;298197.9;5041971.5;-73.58450647;45.51763101;0.28
4620139.00;192.1;306.6;498.7;298351.4;5042323.2;-73.58254544;45.52079765;0.22
4620140.00;114.94;439.08;554.02;298549.2;5042833.6;-73.58002064;45.52539161;0.12
4620141.00;181.86;106.97;288.83;298792.4;5042751.6;-73.57690549;45.5246562;0.12
4620142.00;126.59;59.82;186.41;298939.9;5042630.7;-73.57501624;45.52356978;0.11
4620143.00;130.2;250.91;381.11;299300.7;5042179.5;-73.57039222;45.51951286;0.17
4620144.00;63.51;432.06;495.57;299390.4;5042415.1;-73.56924682;45.52163315;0.19
4620145.00;267.39;110.56;377.95;299479.9;5042931.4;-73.56810664;45.52628011;0.41
4620146.00;313.34;359.34;672.68;298951.2;5043114.7;-73.57487777;45.52792524;0.14
4620147.00;531.88;465.59;997.47;299087.7;5043393;-73.57313383;45.53042984;0.17
4620148.00;129.67;245.66;375.33;299229.9;5043627.2;-73.57131525;45.53253892;0.14
4620149.00;385.99;366.5;752.49;299638.9;5043319;-73.56607566;45.5297683;0.14
4620150.00;110.04;81.9;191.94;299795.7;5043791.6;-73.56407282;45.53402254;0.17
4620151.00;219.49;327.31;546.8;299397.5;5043926.6;-73.56917221;45.53523398;0.12
4620152.00;348.1;484.86;832.96;299532.4;5044104.4;-73.56744747;45.53683553;0.14
4620153.00;71.72;57.54;129.26;299694.6;5044401.1;-73.56537328;45.53950633;0.28
4620154.00;53.16;134.08;187.24;299193.4;5044323;-73.57179046;45.53879984;0.13
4620155.00;233.84;355.83;589.67;299031.5;5044113.6;-73.57386153;45.536914;0.11
4620156.00;144.71;327.78;472.49;298866.5;5043923.9;-73.57597109;45.53520567;0.14
4620157.00;263.83;434.62;698.45;298678.8;5043640.6;-73.57837089;45.53265455;0.16
4620158.00;93.9;497.88;591.78;298536.7;5043389.2;-73.58018805;45.53039114;0.14
4620159.00;88.96;252.35;341.31;298351.9;5043117;-73.58254962;45.52793997;0.12
4620160.00;211.2;422.93;634.13;298219.6;5042914.9;-73.58424055;45.52612043;0.12
4620161.00;169.37;210.03;379.4;298092.5;5042544.7;-73.58586275;45.52278769;0.14
4620162.00;62.76;31.11;93.87;297885.3;5042687.7;-73.58851787;45.5240725;0.1
4620163.00;210.47;408.32;618.79;297741.7;5042187.7;-73.59034834;45.51957263;0.2
4620164.00;65.96;214.58;280.54;297577.4;5041941.7;-73.59244726;45.51735709;0.07
4620165.00;304.91;288.41;593.32;296737.1;5042486.7;-73.60321272;45.52225167;0.15
4620166.00;65.68;93.67;159.35;296095.6;5043171.9;-73.6114367;45.52840983;0.23
4620167.00;109.33;341.75;451.08;296540.9;5043026.6;-73.60573343;45.52710782;0.2
4620168.00;222.45;431.46;653.91;297141.4;5042394.5;-73.59803525;45.52142638;0.17
4620169.00;321.27;326.12;647.39;297183.5;5042542.2;-73.59749849;45.52275625;0.15
4620170.00;236.03;254.89;490.92;297249.8;5042681.9;-73.5966527;45.52401426;0.16
4620171.00;500.62;1072.4;1573.02;297209.8;5043034.2;-73.59717031;45.52718402;0.48
4620172.00;197.87;306.51;504.38;297608.9;5043307.8;-73.5920651;45.5296495;0.2
4620173.00;26.08;239.68;265.76;297772.5;5043468.3;-73.5899721;45.53109598;0.19
4620174.00;246.27;241.96;488.23;297949.8;5043740.8;-73.58770579;45.53355002;0.23
4620175.00;306.91;383.57;690.48;298072.7;5043966;-73.58613544;45.53557685;0.12
4620176.00;186.76;188.18;374.94;298255.8;5044054.3;-73.58379326;45.53637361;0.11
4620177.00;114.93;172.94;287.87;298298.4;5044207.8;-73.583249;45.53775496;0.1
4620178.00;328.75;380.22;708.97;298553;5044446.9;-73.57999217;45.53990948;0.28
4620179.00;215.83;332.82;548.65;298232.3;5044632.8;-73.58410095;45.54157937;0.49
4620180.00;56.78;226.48;283.26;298445.8;5045176.1;-73.5813744;45.54646956;0.26
4620181.00;170.23;320.79;491.02;299062.6;5045079.9;-73.57347452;45.54560939;0.33
4620182.00;157.24;284.33;441.57;298533;5045418.7;-73.58026077;45.54865359;0.14
4620183.00;77.81;65.41;143.22;298658.7;5045596.6;-73.57865331;45.55025559;0.13
4620184.00;202.25;81.84;284.09;298786.1;5045837.2;-73.5770245;45.5524217;0.22
4620185.00;101.43;106.95;208.38;299048.4;5046362.9;-73.57367142;45.55715419;0.4
4620186.00;132.2;244.4;376.6;299382.3;5045769.8;-73.56938739;45.55181981;0.38
4620187.01;237.98;127.04;365.02;300281.2;5045112.1;-73.55786864;45.54590782;0.36
4620187.03;48.48;58.33;106.81;299853.5;5045649;-73.56335176;45.5507364;0.38
4620187.04;267.66;267.14;534.8;299656.2;5045069.2;-73.56587292;45.54551801;0.75
4620188.01;16.4;15.7;32.1;299625.7;5046363.3;-73.56627676;45.55716208;0.15
4620188.02;92.08;168.32;260.4;300269.8;5046050.3;-73.5580237;45.55435023;0.23
4620189.00;17.96;13.76;31.72;299865;5046869.7;-73.56321721;45.56172088;1.48
4620190.01;0;50.27;50.27;300648.6;5048643.1;-73.55319388;45.57768344;0.46
4620190.02;161.99;99.34;261.33;300198.4;5048080.4;-73.55895675;45.57261773;1.04
4620191.00;85.24;155.92;241.16;301200.5;5049734.4;-73.54612969;45.58750648;1.68
4620192.00;18.57;52.04;70.61;301719;5051046.3;-73.53949371;45.59931389;0.79
4620193.00;0;89.58;89.58;301920.7;5051751.4;-73.53691227;45.6056595;0.27
4620194.00;14.33;132.66;146.99;301850.8;5052337.9;-73.53781146;45.61093645;1.19
4620195.01;36.52;16.47;52.99;299496.5;5048788.2;-73.56795804;45.57898104;0.54
4620195.02;25.66;108.06;133.72;300012.3;5049440.8;-73.56135556;45.58485755;0.6
4620195.03;19.32;0;19.32;299979.8;5050008;-73.56177721;45.58996082;0.9
4620196.00;43.59;145.23;188.82;299560.9;5048009.7;-73.56712407;45.57197646;0.4
4620197.00;78.83;146.71;225.54;298828.2;5048287;-73.57651555;45.57446604;0.6
4620198.00;32.3;95.98;128.28;298708.4;5047669.2;-73.57804208;45.56890606;0.64
4620199.00;57.11;115.57;172.68;298917.8;5047053.1;-73.57535261;45.56336364;0.23
4620200.00;46.59;89.83;136.42;298312.8;5047332.2;-73.58310621;45.5658699;0.31
4620201.00;137.59;467.03;604.62;298333.2;5046623.6;-73.58283495;45.55949364;0.93
4620202.00;109.53;284.39;393.92;297930.5;5046055.8;-73.58798608;45.55438022;0.61
4620203.00;149.6;225.48;375.08;297521.9;5045806.5;-73.59321628;45.55213367;0.24
4620204.00;120.35;247.83;368.18;298032.6;5045508.4;-73.58667029;45.54945561;0.23
4620205.00;399.64;311.63;711.27;297756.8;5045167.8;-73.59019741;45.54638811;0.18
4620206.00;69.33;153.62;222.95;297263.9;5045476.9;-73.59651536;45.54916454;0.23
4620207.00;117.69;341.98;459.67;297076.9;5045211.1;-73.59890574;45.54677091;0.26
4620208.00;238.65;150.33;388.98;297563;5044850.5;-73.5926754;45.54353102;0.2
4620209.00;360.34;691.95;1052.29;297224.9;5044625.8;-73.59700131;45.54150541;0.66
4620210.00;207.56;227.15;434.71;297404.9;5043883.3;-73.59468485;45.53482624;0.33
4620211.00;206.86;282.46;489.32;297015.2;5044191.5;-73.59967946;45.5375957;0.18
4620212.00;212.89;356.5;569.39;296769.6;5044356.3;-73.60282755;45.53907571;0.19
4620213.00;211.58;144.86;356.44;296511.9;5044532.4;-73.60613015;45.54065736;0.19
4620214.00;297.26;267.21;564.47;296149.3;5044248.6;-73.61076848;45.53809899;0.26
4620215.00;180.12;251.94;432.06;297117.2;5043617.5;-73.59836452;45.53243171;0.23
4620216.00;293.16;451.65;744.81;296784.6;5043350.6;-73.60261857;45.53002595;0.32
4620217.00;354.77;475.04;829.81;296304.6;5043651.1;-73.60876868;45.532724;0.16
4620218.00;759.7;337.03;1096.73;295897.5;5043911.4;-73.61398582;45.53506116;0.28
4620219.00;195.12;205.05;400.17;296019.7;5043419.1;-73.61241257;45.53063303;0.32
4620220.00;306.11;209.13;515.24;295276.9;5043275.2;-73.62192018;45.52932822;0.41
4620221.00;122.49;220.91;343.4;294973.2;5042877.7;-73.62580029;45.52574789;0.33
4620222.00;0;13.1;13.1;294325;5043125.4;-73.63410283;45.52796697;0.2
4620223.01;0;40.41;40.41;293373.5;5043478.2;-73.64629304;45.53112691;0.15
4620224.00;47.53;17.34;64.87;294201.1;5043618.5;-73.63570014;45.53240234;0.38
4620225.00;54.81;46.91;101.72;293866.6;5044265;-73.63999703;45.53821424;0.65
4620226.00;107.05;84.03;191.08;294034.5;5044738.7;-73.63785702;45.54247951;0.25
4620227.00;48.83;67.7;116.53;294500;5044608;-73.63189432;45.54131068;0.12
4620228.00;79.5;164.99;244.49;294741.6;5044506;-73.62879791;45.540396;0.11
4620229.00;0;115.11;115.11;294719;5043834.6;-73.62907338;45.53435417;0.47
4620230.00;20.14;74.28;94.42;294986.9;5044392.9;-73.62565421;45.5393818;0.12
4620231.00;23.16;17.02;40.18;295201.1;5044291.6;-73.62291012;45.53847317;0.1
4620232.00;373.97;369.88;743.85;295450.3;5043925.3;-73.61971222;45.53518106;0.36
4620233.00;147.34;0;147.34;295634;5044458.5;-73.61737007;45.53998135;0.11
4620234.00;65.35;14.65;80;295632;5044614.6;-73.61739862;45.54138614;0.15
4620235.00;92.95;90.7;183.65;295153.9;5044828.6;-73.62352556;45.5433048;0.12
4620236.00;73.52;177.12;250.64;294936;5044935.4;-73.62631802;45.54426264;0.11
4620237.00;190.46;98.29;288.75;294329.5;5045066.1;-73.63408756;45.54542992;0.22
4620238.00;231.13;183.8;414.93;294474.8;5045246.3;-73.63223048;45.5470538;0.16
4620239.00;91.21;113.63;204.84;295050.6;5045344.2;-73.62485746;45.5479435;0.55
4620240.00;64.41;125.03;189.44;295362.3;5045779.2;-73.62087413;45.55186202;0.3
4620241.00;0;43.34;43.34;295656;5046030.4;-73.61711754;45.55412636;0.21
4620242.00;80.05;391.63;471.68;296331.4;5045650.1;-73.60846107;45.5507124;0.37
4620243.00;48.46;122.6;171.06;296045.1;5045351.2;-73.61212155;45.54801927;0.25
4620244.00;169.24;368.44;537.68;295930;5045090.8;-73.61359074;45.54567426;0.18
4620245.00;65.01;273.78;338.79;295766.7;5044817.8;-73.6156778;45.54321598;0.22
4620247.00;204.23;339.52;543.75;296196.8;5044702.4;-73.61016799;45.5421829;0.19
4620249.00;331.85;300.72;632.57;296288.4;5046051.1;-73.60901869;45.55431996;0.54
4620250.00;346.42;264.4;610.82;296495;5046360.4;-73.60637759;45.55710631;0.45
4620251.01;122.37;203.68;326.05;296726.2;5046653.3;-73.60342024;45.55974385;0.47
4620251.02;19.43;98.68;118.11;296906.2;5046803.8;-73.60111744;45.56110069;0.25
4620252.00;0;51.08;51.08;297408.2;5046903.8;-73.59468905;45.56200631;0.33
4620253.00;77.5;54.28;131.78;296836.8;5047197.1;-73.60201326;45.56463852;0.45
4620254.00;18.39;91.25;109.64;297374;5047555.3;-73.59513656;45.5678678;0.62
4620256.00;165.99;83.8;249.79;295469.4;5046798.2;-73.61952254;45.56103265;1.85
4620257.00;92.88;42.1;134.98;295962.7;5047752.5;-73.61322116;45.56962561;1.33
4620258.00;19.34;19.47;38.81;296324.7;5048481.6;-73.60859545;45.57619074;0.4
4620259.00;0;112.29;112.29;295351.3;5049058.2;-73.62107851;45.5813674;0.37
4620260.00;25.11;0;25.11;294589;5048699;-73.63084022;45.57812421;0.55
4620261.00;15.92;0;15.92;295170.3;5048401.7;-73.62338495;45.57545725;0.63
4620263.00;0;18.95;18.95;294016.9;5047833.2;-73.63815081;45.57032476;0.76
4620264.01;95.29;272.22;367.51;293549.4;5046522.2;-73.64411082;45.55852023;1.22
4620264.02;37.17;200.63;237.8;294695.8;5046041.9;-73.62941663;45.55421589;0.89
4620265.00;28.28;54.47;82.75;293462.6;5045589.9;-73.64520126;45.55013015;0.48
4620266.00;92.18;52.04;144.22;293306.8;5045203.7;-73.64718703;45.54665236;0.76
4620267.00;22.83;149.55;172.38;293099.7;5044462.1;-73.64982213;45.539976;1.1
4620268.01;30.95;102.9;133.85;291218.6;5044060.3;-73.67389797;45.5363257;0.58
4620268.03;79.05;58.39;137.44;292540.6;5043689.5;-73.65696077;45.53301377;1.3
4620269.00;40.78;80.15;120.93;291974.5;5044770.3;-73.664237;45.54272928;0.77
4620270.00;22.98;97.04;120.02;292522.7;5045684.6;-73.65724026;45.55096605;0.68
4620271.00;88.84;110.24;199.08;292838.6;5046475.5;-73.65321386;45.55808883;0.48
4620272.00;69.11;49.97;119.08;292951.7;5047096.4;-73.65178102;45.56367778;0.5
4620273.00;64.2;76.43;140.63;293318.1;5047733.1;-73.64710213;45.56941301;0.58
4620275.00;22.42;0;22.42;292951.9;5048791;-73.65181928;45.57892594;0.62
4620276.00;74.62;149.84;224.46;292543.7;5048462.1;-73.65704147;45.57595923;0.86
4620277.00;168.21;234.61;402.82;292293.9;5047431.3;-73.66021503;45.56667928;0.55
4620278.00;279.91;246.57;526.48;291948.7;5046759.2;-73.66462025;45.56062528;0.59
4620279.00;130.3;164.58;294.88;291598.5;5046017.4;-73.66908589;45.55394412;0.94
4620280.00;61.94;101.36;163.3;291495;5044975.1;-73.67038353;45.54456258;0.6
4620281.00;74.1;126.63;200.73;290710.1;5045200.3;-73.68044129;45.5465743;1.08
4620282.00;41.57;170.67;212.24;289958.4;5044729.4;-73.69005334;45.54232142;1.33
4620283.01;0;35.65;35.65;290058.4;5043706.3;-73.68874256;45.53311741;0.61
4620283.02;14.71;40.31;55.02;289507;5044084.1;-73.69581341;45.53650467;0.48
4620284.00;18.54;20.16;38.7;288853.7;5044509.4;-73.70419301;45.54031681;0.58
4620285.00;94.81;203.85;298.66;288283.7;5043705.7;-73.71146457;45.53307172;1.5
4620287.01;0;34.16;34.16;287856.2;5043212.6;-73.71692072;45.52862449;0.54
4620287.02;20.2;83.24;103.44;287066.2;5042973.4;-73.72702527;45.52645193;1.11
4620290.02;0;43.09;43.09;298843.8;5055054.4;-73.57639848;45.63536101;1.72
4620290.04;51.99;53.07;105.06;299338.1;5056547;-73.5700741;45.64879602;2.83
4620290.05;71.61;25.09;96.7;296682.6;5053614.2;-73.60409538;45.62238013;2.21
4620290.06;0;18;18;297905.5;5055440.4;-73.5884383;45.63882521;0.92
4620290.08;0;23.33;23.33;297806.1;5056249.3;-73.5897257;45.64610292;1.1
4620291.01;0;30;30;299833.1;5057766.7;-73.56373642;45.65977483;0.98
4620291.03;31.44;59.44;90.88;301849.7;5058662;-73.53786368;45.66784186;6.89
4620291.04;15.32;30;45.32;300950.9;5057483.6;-73.54939014;45.65723392;3.24
4620300.00;53.86;120.27;174.13;299949;5036364.3;-73.56203667;45.46718957;0.52
4620301.00;18.56;98.61;117.17;299450.2;5036802.2;-73.56842011;45.47112609;0.42
4620302.00;113.79;77.21;191;299353.7;5036165.8;-73.5696469;45.46539917;0.21
4620303.00;0;23.54;23.54;298723.7;5036164.7;-73.57770362;45.46538413;0.26
4620304.00;25.48;113.6;139.08;298719.7;5035762.2;-73.57774975;45.4617621;0.27
4620305.00;207.45;124.5;331.95;299703.4;5035690.8;-73.56517044;45.46112692;0.35
4620306.00;11.54;92.31;103.85;299751.2;5035188.6;-73.56455479;45.45660883;0.22
4620307.00;106.65;40.45;147.1;299336.7;5035247.2;-73.56985432;45.45713318;0.18
4620308.00;110.38;79.91;190.29;298986.8;5035250.9;-73.57432817;45.45716288;0.18
4620309.00;0;40.93;40.93;298604.1;5035277.2;-73.57922256;45.45739698;0.19
4620310.00;43.9;67.92;111.82;298416.6;5034658.3;-73.58161201;45.45182596;0.44
4620311.00;0;129.73;129.73;299314;5034763.1;-73.57013979;45.45277659;0.35
4620312.00;15.73;117.45;133.18;299214.9;5034385.7;-73.57140186;45.44937995;0.31
4620313.00;44.54;58.65;103.19;298588;5034136.8;-73.57941381;45.44713432;0.4
4620314.00;94.84;98.36;193.2;298182.4;5034002.9;-73.58459694;45.44592556;0.26
4620315.00;90.45;12.74;103.19;298872.4;5033513.1;-73.57577085;45.44152507;0.8
4620316.00;47.05;73.67;120.72;298289;5033031.6;-73.58322122;45.43718661;0.58
4620317.02;70.27;0;70.27;301797;5035708;-73.53840009;45.46129389;1.32
4620317.03;81.94;0;81.94;300753.3;5036000.9;-73.55174813;45.46392441;0.8
4620317.04;16.29;0;16.29;300748.8;5035012.8;-73.55179787;45.45503311;1.61
4620320.00;55.28;121.29;176.57;298250.1;5032397.9;-73.5837096;45.43148364;0.68
4620321.00;22.67;53.52;76.19;297896.2;5031875.7;-73.58822549;45.42678143;1.11
4620322.02;75.97;141.42;217.39;295742;5031222.6;-73.61574275;45.42087987;0.78
4620323.00;0;23.41;23.41;295043.1;5030852.9;-73.62466598;45.41754422;0.62
4620324.01;85.49;0;85.49;294115.8;5030935.6;-73.63651583;45.41827407;0.68
4620325.01;0;36.46;36.46;294265.7;5031959.6;-73.63462273;45.42749135;0.39
4620325.02;0;72.58;72.58;295159.1;5032052.7;-73.62320752;45.42834215;0.97
4620325.03;0;72.92;72.92;295248.1;5032660.1;-73.62208197;45.43380846;0.48
4620325.05;0;103.62;103.62;295893.4;5033455.8;-73.61384902;45.44097707;0.91
4620325.06;46.69;116.61;163.3;296190.1;5032740.9;-73.61004406;45.43454784;0.78
4620326.01;32.87;96.29;129.16;295201.9;5034005.8;-73.62269832;45.44591737;2.53
4620326.02;160.2;72.35;232.55;293505.9;5032605.3;-73.64434785;45.43328951;1.08
4620326.03;0;45.47;45.47;294199.5;5033073.9;-73.63549225;45.43751755;1.32
4620327.00;21.75;37.07;58.82;292999.9;5031642.5;-73.65079109;45.42461786;1.1
4620329.00;0;32.59;32.59;292330.1;5032165.8;-73.65936447;45.42931538;0.63
4620330.00;13.07;58.27;71.34;292829.9;5034186.4;-73.65302557;45.44750621;2.02
4620340.00;149.03;274.56;423.59;293062.2;5034839.7;-73.65007111;45.45338914;1.41
4620350.00;103.88;137.3;241.18;297912.8;5038150.7;-73.58810109;45.48324698;0.56
4620351.00;97.22;202.42;299.64;297649.1;5038427.4;-73.59147935;45.48573459;0.46
4620352.00;110.39;92.6;202.99;297036.7;5037423.5;-73.59929756;45.47669469;0.48
4620353.00;251.58;183.19;434.77;296793.2;5038035.4;-73.60242172;45.48219758;0.41
4620354.00;66.52;195.45;261.97;296584.1;5038360.2;-73.60510125;45.48511845;0.81
4620355.00;0;19.69;19.69;297401.5;5038880.7;-73.59465314;45.48981124;0.31
4620356.00;33.26;0;33.26;296357.5;5038964.5;-73.60801054;45.4905531;1
4620360.00;215.17;114.33;329.5;296976.4;5041426.6;-73.6001319;45.51271509;1.43
4620361.00;0;34.85;34.85;295737.8;5041004.5;-73.61597673;45.50890224;0.13
4620362.00;60.39;93.57;153.96;296173.3;5041655.4;-73.61041437;45.51476467;0.53
4620363.00;239.68;601.12;840.8;297134.3;5041992.8;-73.59812071;45.51781179;0.37
4620364.00;38.02;132.83;170.85;295840;5042798.2;-73.61470228;45.52504421;0.24
4620365.00;199.03;145.02;344.05;295688.7;5042630.4;-73.61663533;45.52353242;0.25
4620366.00;0;229.33;229.33;295815.3;5041912.4;-73.61500223;45.51707291;0.34
4620367.00;127.67;163.96;291.63;295459;5042356.1;-73.61957128;45.52106109;0.57
4620370.00;17.48;68.43;85.91;293442;5037857;-73.64528544;45.48054573;1.79
4620380.00;10.75;0;10.75;292920.1;5036721;-73.65193428;45.47031505;0.76
4620382.02;0;25.82;25.82;290943.8;5035555.6;-73.67717609;45.45979205;1.56
4620383.01;0;50.28;50.28;290988.1;5036067.4;-73.67662422;45.4643982;1.73
4620383.02;0;14.64;14.64;291690.8;5037548.2;-73.66767731;45.47773676;1.5
4620390.00;64.73;30.82;95.55;292043.7;5032749.3;-73.6630385;45.43456052;1.03
4620391.00;12.36;172.28;184.64;291120.4;5032387.7;-73.67483;45.43128882;0.32
4620392.00;0;193.91;193.91;290437;5032541.6;-73.6835683;45.43266019;0.44
4620393.00;44.23;88.78;133.01;290886.5;5033303.7;-73.67784437;45.43952731;1.04
4620394.00;0;70.89;70.89;292089.6;5033777.6;-73.66247929;45.44381427;1.35
4620395.01;53;55.39;108.39;289837;5035687.5;-73.69133262;45.46095565;7.61
4620395.02;31.16;58.2;89.36;289976.4;5033627.9;-73.68948764;45.44242572;0.69
4620395.03;0;61.86;61.86;289476.2;5033582.8;-73.69588038;45.44200906;0.6
4620396.00;79.79;50.48;130.27;289027.6;5033107;-73.70159935;45.43771766;1.47
4620397.00;0;61.69;61.69;288400.1;5033908.7;-73.70964683;45.44491725;1.18
4620400.00;127.49;156.98;284.47;294530.8;5042197.7;-73.63144897;45.51962204;1.38
4620401.00;56.5;91.82;148.32;293529.6;5041125.9;-73.64424016;45.50996194;0.97
4620402.00;30.27;79.45;109.72;291843.5;5039557.6;-73.66577688;45.49582067;2.54
4620403.00;18.93;61.98;80.91;292820.6;5041357.9;-73.65331905;45.51203814;1.33
4620404.00;66.29;152.25;218.54;293473.3;5042701.3;-73.64499659;45.52413751;1.44
4620410.01;51.33;15.99;67.32;290561.7;5042729.8;-73.6822703;45.52434075;0.86
4620410.02;157.35;174.44;331.79;291323.4;5041968;-73.67249814;45.51750043;0.77
4620410.03;14.81;126.93;141.74;292093.2;5042135.3;-73.66264906;45.51902052;2.18
4620412.00;0;28.54;28.54;290816.3;5040444.5;-73.67894562;45.50378165;1.46
4620413.01;0;14.06;14.06;289882.1;5040044;-73.69088763;45.50015836;0.86
4620415.04;0;21.25;21.25;289481.5;5040859.6;-73.69603981;45.50748872;0.47
4620415.05;0;72.06;72.06;285514.3;5039715.6;-73.7467648;45.49709634;10.95
4620415.06;72.89;300.31;373.2;288679.1;5038447.7;-73.70622952;45.48576788;17.92
4620416.01;40.4;47.16;87.56;287368.7;5042398.5;-73.72313301;45.52128698;0.85
4620416.02;0;23.71;23.71;287553.2;5041987.5;-73.72075641;45.51759278;1.06
4620417.01;0;109.58;109.58;289158.6;5042547.8;-73.70022589;45.52267318;0.67
4620418.00;139.91;217.29;357.2;291083.4;5041162.9;-73.6755475;45.51025184;1.3
4620419.00;0;38.46;38.46;289908.4;5042066;-73.69061236;45.5183539;0.38
4620420.00;85.16;184.35;269.51;290154;5042532.6;-73.68748329;45.5225573;0.83
4620430.00;0;88.47;88.47;286646.8;5033599;-73.73204877;45.44208707;2
4620431.00;23.55;213.89;237.44;285504.9;5033024.6;-73.74662202;45.43688777;2.19
4620432.00;23.55;17.89;41.44;283733.5;5033911.4;-73.76930141;45.44481682;1.31
4620433.00;14.57;196.62;211.19;284331.4;5036958.3;-73.76178498;45.47225116;15.39
4620450.00;76.4;300.11;376.51;281297.9;5032975.3;-73.80039104;45.43631589;3.76
4620451.00;0;48.55;48.55;281752.3;5034894.1;-73.79467316;45.45359646;3.33
4620452.00;27.67;38.32;65.99;279202.4;5034719.2;-73.82726485;45.45193387;3.17
4620453.01;27.67;127.18;154.85;280554.8;5035583.7;-73.81001722;45.45976138;1.98
4620453.02;28.88;26.6;55.48;280872.9;5036628.9;-73.80600078;45.4691771;6.64
4620460.00;14.81;175.16;189.97;276477.8;5031783.8;-73.86192975;45.42541553;3.58
4620461.00;0;35.33;35.33;274465.1;5031366.2;-73.88762351;45.42157285;1.85
4620462.01;0;57.54;57.54;276978.7;5033063.4;-73.85560143;45.43694994;2.37
4620470.01;10.9;133.85;144.75;276335.8;5033955.9;-73.86386986;45.44495473;3.59
4620470.03;0;20.8;20.8;274131.8;5033980.9;-73.89204493;45.44508678;2.39
4620470.04;0;78.51;78.51;275721.3;5034845.8;-73.87177717;45.4529373;1.55
4620470.05;0;9.2;9.2;276954.3;5035787.4;-73.8560664;45.46145979;2.11
4620480.00;74.5;106.77;181.27;272414.9;5031114.8;-73.91380367;45.41921879;6.03
4620490.00;36.69;38.29;74.98;269497.8;5029754.2;-73.95097865;45.40683485;0.71
4620491.00;50.42;124.82;175.24;271113.3;5031743.7;-73.93047811;45.42481639;9.86
4620500.00;29.24;16.8;46.04;268947.2;5032496.9;-73.95821266;45.43148603;7.49
4620511.01;0;23.75;23.75;282789.7;5041055.8;-73.78168667;45.50907575;1.45
4620511.02;0;13;13;283452;5040426.5;-73.7731833;45.50343366;1.5
4620512.02;13.48;28;41.48;277548.3;5040774.8;-73.84874841;45.50636173;1.46
4620512.04;13.48;61.1;74.58;278437.5;5040984.2;-73.83738042;45.50827974;1.77
4620513.01;0;31.28;31.28;278764.2;5040361.3;-73.83316639;45.5026874;1.11
4620513.02;49.3;31.36;80.66;278537.1;5039979.6;-73.83605169;45.49924457;1.23
4620514.01;0;6.93;6.93;276895.9;5038108.4;-73.85694552;45.48234255;1.99
4620514.02;0;41.24;41.24;276099.9;5036788.4;-73.86705066;45.47043309;1.89
4620515.04;0;29.76;29.76;274895.8;5036323.4;-73.88242146;45.46619811;0.84
4620520.02;42.3;16.97;59.27;281957.1;5039815;-73.79228411;45.49788363;1.71
4620520.04;0;46.18;46.18;281990.2;5038874.8;-73.79181643;45.48942472;1.07
4620521.04;32.52;29.82;62.34;279765.7;5039697.4;-73.82031654;45.49674967;1.39
4620521.06;32.52;0;32.52;279886.9;5038600.6;-73.8187108;45.48688497;2.07
4620522.02;0;29.21;29.21;277635.5;5037616.5;-73.84745831;45.47794605;1.07
4620523.00;13.45;33.13;46.58;279228.2;5040032.2;-73.82721245;45.49974359;0.76
4620540.00;9.85;105.58;115.43;275904.2;5037871.3;-73.86961768;45.48016934;0.86
4620550.02;9.85;0;9.85;272649.1;5039010.5;-73.9113272;45.49027787;13.34
4620550.03;58.2;128.95;187.15;275732.1;5039986.3;-73.87194362;45.49919318;5
4620550.04;0;31.24;31.24;274871.6;5039943.6;-73.88295141;45.49877256;4.43
4620570.00;15.53;36.57;52.1;302849.4;5054574.3;-73.52501719;45.63106376;12.45
4620580.01;0;51.83;51.83;305228.4;5059603.6;-73.49450152;45.67632093;1.21
4620581.01;53.35;68.85;122.2;305271.7;5058106.4;-73.49394662;45.66284843;1.31
4620581.02;32.61;0;32.61;304545.8;5058464;-73.50326294;45.66606642;0.68
4620582.01;41.48;19.41;60.89;305232.2;5057071.7;-73.49445483;45.65353874;1.18
4620582.02;18.34;39.93;58.27;305253.1;5056329.5;-73.49418661;45.64686039;1.27
4620583.00;20.74;29.47;50.21;305095.1;5055865.5;-73.49621487;45.64268459;0.75
4620584.00;15.53;20.99;36.52;304895.8;5055289.5;-73.49877072;45.63750222;1.64
4620585.01;0;44.79;44.79;304921.8;5061439;-73.49843604;45.69283642;3.49
4620585.02;32.61;78.7;111.31;303280.3;5057615;-73.51950086;45.65842564;5.56
4620590.01;0;15.32;15.32;301298.6;5052588.1;-73.54489339;45.61318563;1.42
4620590.02;0;28.46;28.46;301005.1;5052266.6;-73.54865473;45.61029091;0.29
4620591.01;13.83;44.49;58.32;301449.6;5051362.1;-73.54294911;45.60215399;0.49
4620591.02;27.17;23.03;50.2;300894.4;5051563;-73.55006823;45.60395926;0.68
4620592.00;0;35.98;35.98;300330.4;5052033.9;-73.55730191;45.6081932;0.98
4620593.01;44.08;185.13;229.21;300060.3;5050913.1;-73.56075365;45.59810606;1.02
4620593.02;0;120.2;120.2;300728.7;5050547.1;-73.55218372;45.59481703;0.48
4620594.02;0;191.41;191.41;298630.9;5052544.5;-73.57909745;45.61277485;7.88
4620600.01;0;63.27;63.27;299255.7;5050010.7;-73.57105717;45.58997967;0.75
4620601.02;0;112.06;112.06;298268.4;5048056.9;-73.58368539;45.57239049;0.42
4620602.01;0;53.05;53.05;298050.3;5048780.7;-73.58648859;45.57890135;0.55
4620602.02;0;148.84;148.84;297703.8;5048152;-73.59091954;45.57324097;0.62
4620603.01;40.81;218.35;259.16;297260;5049174.2;-73.59662137;45.58243363;0.53
4620603.02;69.23;0;69.23;296917;5048665.2;-73.60100936;45.57785042;0.62
4620603.03;42.37;0;42.37;296706.3;5049039.3;-73.6037149;45.58121357;0.35
4620604.04;0;22.2;22.2;295484.4;5049524.1;-73.61938186;45.58556112;0.78
4620604.05;25.39;18.21;43.6;295805.3;5050282.2;-73.61528402;45.59238724;0.6
4620605.03;0;45.81;45.81;297506.4;5051115.6;-73.593494;45.59990622;1.04
4620605.04;0;52.02;52.02;296710;5051450.7;-73.60370701;45.60291269;1.58
4620610.01;0;97.23;97.23;296328;5052313.4;-73.60861955;45.61067055;0.95
4620610.02;32.48;31.56;64.04;295525.9;5052430.5;-73.61890561;45.61171417;0.46
4620610.03;43.22;30.4;73.62;295039.3;5053549.3;-73.62516648;45.62177445;0.78
4620610.04;0;33.92;33.92;295324.4;5053435.2;-73.62150807;45.62075214;0.19
4620611.01;0;68.44;68.44;295297.5;5050948.1;-73.62180535;45.5983721;0.71
4620611.02;17.12;182.85;199.97;294924.7;5051361.9;-73.62659176;45.60209059;0.57
4620612.00;65.94;140.98;206.92;294542.5;5050049.6;-73.63146384;45.59027618;0.75
4620613.00;0;48.01;48.01;294103.2;5049144.7;-73.63707368;45.58212691;0.99
4620614.00;0;39.29;39.29;293333.1;5049427.1;-73.64694947;45.58465625;0.46
4620616.00;50.62;263.16;313.78;294141.6;5050734.4;-73.63661646;45.5964323;0.77
4620617.01;17.12;61.68;78.8;294622;5052536.6;-73.63049741;45.6126565;0.89
4620617.02;25.66;0;25.66;294315;5051908.5;-73.6344192;45.60700009;0.65
4620619.00;44.65;19.44;64.09;293176;5049998.2;-73.64897603;45.5897922;0.55
4620625.01;0;28.28;28.28;299955.6;5059438.7;-73.56218149;45.67482012;5.16
4620627.00;0;33.92;33.92;292988.7;5053035.1;-73.65145065;45.61711579;5.24
4620632.01;0;14.65;14.65;287700.2;5051180.5;-73.71919667;45.60031802;1.49
4620632.03;0;28.48;28.48;288672.1;5051021.9;-73.70673255;45.59891436;4.14
4620640.00;0;20.83;20.83;288481.8;5045388.2;-73.70898445;45.54821622;0.8
4620641.01;14.8;8.71;23.51;287966.3;5046714.6;-73.71563176;45.56013876;1.34
4620643.02;17.24;0;17.24;285082.9;5046948.5;-73.75257572;45.56216813;3.61
4620644.00;0;40.05;40.05;286981.9;5045438.4;-73.72819414;45.5486314;1.47
4620646.01;0;26.68;26.68;286027;5044494.4;-73.74038697;45.54011139;0.52
4620659.05;0;28.54;28.54;283170;5050251.8;-73.77722609;45.59183536;2.38
4620675.00;0;9.88;9.88;307520.6;5064578.2;-73.46505057;45.72107762;3.76
4620676.01;0;22.04;22.04;307003.5;5064818.8;-73.47169254;45.72324438;1.52
4620677.06;18.34;17.89;36.23;309205.8;5070810.4;-73.44334589;45.77714698;2.72
4620704.08;0;25.08;25.08;275081;5054602.8;-73.8811634;45.6306873;14.54
4620725.06;0;9.68;9.68;270194.8;5048904.3;-73.94342529;45.5791859;51.86
4620801.00;0;9.88;9.88;285960.5;5025459.4;-73.74050993;45.36882514;2.61
4620828.04;0;23.95;23.95;302573;5028274.2;-73.52844304;45.39440399;2.92
4620856.00;0;29.35;29.35;311047.7;5042336.4;-73.42002502;45.52091776;15.89
4620857.02;10.93;0;10.93;310904.9;5039392.6;-73.42189073;45.4944295;1.18
4620860.02;0;22.57;22.57;307028.6;5038070.1;-73.47149157;45.48255215;1.19
4620864.00;0;46.81;46.81;303951.1;5040959.8;-73.51086354;45.50855798;2
4620872.00;0;13.23;13.23;306065.2;5041066.3;-73.48380824;45.50951578;1.73
4620883.00;0;32.14;32.14;303610.6;5042057;-73.51522497;45.51843121;0.99
4620884.02;16.92;0;16.92;303770;5043610.8;-73.51318725;45.5324124;1.92
4620885.00;0;30.26;30.26;304592.1;5044865.1;-73.50266198;45.54370005;1.61
4620886.02;0;28.06;28.06;305858.9;5046387.7;-73.4864368;45.55740018;2.13
