terminalNa,stop_id,mtmx,mtmy,capacity,SRIDU,lat,lng,name
5002,443,303581.57,5043698.31,19,4620884.02,45.5332,-73.5156,St-Charles / Châteauguay
5003,444,303409.64,5043276.05,15,4620884.02,45.5294,-73.5178,Place Longueuil
5004,445,304116.51,5044434.36,10,4620884.02,45.539824,-73.508752,St-Charles/Charlotte
5005,446,303802.19,5044054.78,19,4620884.02,45.536408,-73.512776,St-Charles / St-Sylvestre
5006,447,305159.25,5044098.28,27,4620878.00,45.5368,-73.4954,Collège Édouard-Montpetit
5007,448,303262.88,5042659.75,47,4620884.01,45.523854,-73.519677,Métro Longueuil - Université de Sherbrooke
6001,1,300597.24,5040954.45,27,4620055.01,45.508498,-73.553786,Notre Dame / Place Jacques Cartier
6002,2,301596.57,5044364.13,21,4620023.00,45.539185,-73.541019,Dézery/Ste-Catherine
6003,3,299488.86,5041246.56,23,4620061.00,45.511119,-73.567974,Evans/Clark
6004,4,300586.19,5041349.59,0,4620054.00,45.5120536,-73.55393082,Berri / Saint-Antoine
6005,5,299416.24,5040938.79,23,4620061.00,45.508349,-73.5689,Président-kennedy/Jeanne Mance
6006,6,298735.07,5046318.49,26,4620201.00,45.556752,-73.577684,16e avenue/Rosemont
6007,7,299941.30,5041304.10,27,4620057.00,45.51164009,-73.56218398,de l'Hôtel-de-Ville / Sainte-Catherine
6008,8,299999.68,5041426.07,23,4620059.00,45.512738,-73.561438,Sanguinet /Ste-Catherine
6009,9,300129.75,5041635.65,2,4620051.00,45.51462481,-73.55977535,Berri / Sainte-Catherine
6011,11,300702.90,5041574.26,15,4620055.01,45.514076,-73.552439,Saint-André / Saint-Antoine
6012,12,299723.53,5041195.36,48,4620059.00,45.51066,-73.56497,Métro Saint-Laurent (Maisonneuve / St-Laurent)
6013,13,299912.86,5041498.59,7,4620059.00,45.51339,-73.56255,Sanguinet / de Maisonneuve
6014,14,299944.06,5041638.48,0,4620051.00,45.514649,-73.562152,St-Denis / de Maisonneuve
6015,15,300012.79,5041710.67,27,4620051.00,45.515299,-73.561273,Berri / de Maisonneuve
6016,16,301728.37,5036953.66,2,4620317.02,45.472503,-73.539285,Jacques Le Ber/Ch Pointe Nord
6017,17,299982.79,5042015.30,14,4620052.00,45.51804,-73.56166,St-Andre/Robin
6018,18,299836.77,5042109.87,17,4620052.00,45.51889,-73.56353,Saint-André / Ontario
6019,19,299549.57,5041992.98,27,4620143.00,45.517836,-73.567205,Berri / Sherbrooke
6020,20,299695.15,5041653.68,23,4620059.00,45.514784,-73.565338,Sanguinet / Ontario
6021,401,299450.34,5041625.75,15,4620059.00,45.51453084,-73.56847107,De l'Hôtel-de-Ville / Sherbrooke
6022,125,299703.82,5044626.21,18,4620187.04,45.541532,-73.565258,Molson / William - Tremblay
6023,22,300906.52,5041216.74,36,4620055.02,45.51086,-73.54983,de la Commune / Berri
6024,23,299908.63,5043496.40,15,4620036.00,45.531367,-73.562624,Des Érables/ Sherbrooke
6025,24,300492.97,5040804.04,0,4620055.01,45.50714392,-73.55511904,Notre-Dame / Saint-Gabriel
6026,25,300736.10,5040809.31,54,4620055.02,45.50719279,-73.55200768,de la Commune / Place Jacques-Cartier
6027,26,299093.97,5040310.19,7,4620062.00,45.50269,-73.573017,Maisonneuve/McGill College
6029,28,298205.86,5038105.45,23,4620080.00,45.482843,-73.584352,Belair/St-Antoine
6031,30,300173.87,5040509.33,15,4620055.01,45.50449,-73.5592,Saint-Antoine / Saint-François-Xavier
6032,31,300130.25,5040702.73,0,4620056.00,45.50623,-73.55976,Métro Place-d'Armes (Viger/St-Urbain)
6033,32,298364.97,5046653.26,27,4620201.00,45.559761,-73.582429,18e av/beaubien
6034,33,299868.47,5040888.52,39,4620056.00,45.5079,-73.563112,Saint-Urbain / René-Lévesque
6035,34,300017.61,5040544.23,3,4620056.00,45.504803,-73.5612,Viger/Jeanne Mance
6036,35,300610.95,5040462.19,43,4620055.02,45.50406857,-73.55360627,de la Commune / Saint-Sulpice
6037,36,300489.64,5040229.55,14,4620055.01,45.50197438,-73.55515659,Saint-Nicolas / Place d'Youville
6038,37,300450.13,5039982.38,23,4620055.01,45.49975,-73.55566,McGill / d'Youville
6039,38,300202.79,5040096.91,12,4620055.01,45.500779,-73.558826,McGill / des Récollets
6040,39,300176.07,5040321.52,22,4620055.01,45.5028,-73.55917,Saint-Jacques / Saint-Pierre
6041,40,300026.48,5040085.37,10,4620069.00,45.500674,-73.561082,Saint-Jacques / Gauvin
6042,41,299692.62,5040085.74,3,4620062.00,45.500675,-73.565354,de la Gauchetière / University
6043,42,299880.62,5040239.51,1,4620062.00,45.50206,-73.56295,Square Victoria
6044,43,299315.25,5042421.47,15,4620144.00,45.52169,-73.570209,Rue St-André / Roy
6046,45,299586.47,5039867.46,0,4620062.00,45.49871,-73.56671,de la Gauchetière / Mansfield
6047,123,298669.90,5040826.23,39,4620129.02,45.50733,-73.57845,University / Prince-Arthur
6048,47,300367.42,5039725.50,5,4620070.00,45.497438,-73.556716,Prince/Ottawa
6049,48,300510.97,5039810.08,0,4620070.00,45.4982,-73.55488,King / Wellington
6050,49,300711.09,5039883.30,3,4620055.02,45.49886,-73.55232,de la Commune / McGill
6051,50,296854.11,5043312.71,3,4620216.00,45.529686,-73.601728,De Gaspé / Marmier
6052,51,300673.32,5039725.29,39,4620055.02,45.497438,-73.552802,De la Commune / King
6053,52,299709.65,5040269.21,16,4620062.00,45.502326,-73.565138,Belmont / Beaver Hall
6057,55,299435.07,5039755.01,0,4620063.00,45.497697,-73.568646,Peel / ave des Canadiens de Montréal
6058,56,299221.04,5039699.52,0,4620063.00,45.497196,-73.571384,Drummond / Rene Levesque
6059,57,299161.02,5040087.28,31,4620062.00,45.50068474,-73.57215643,Metcalfe / Sainte-Catherine
6060,58,299385.76,5040027.66,6,4620062.00,45.50015,-73.56928,Mansfield / René-Lévesque
6061,59,299229.62,5040206.71,0,4620062.00,45.50176,-73.57128,Sainte-Catherine / McGill College
6062,60,298998.99,5039860.12,0,4620063.00,45.4986393,-73.57422709,Drummond / Sainte-Catherine
6063,61,298867.55,5039952.56,0,4620064.00,45.49947,-73.57591,Drummond / de Maisonneuve
6064,62,298933.30,5040053.62,41,4620064.00,45.50038,-73.57507,de Maisonneuve / Stanley
6065,63,298650.30,5039959.66,18,4620064.00,45.499532,-73.57869,de la montagne / Sherbrooke
6066,403,299187.88,5040166.94,0,4620062.00,45.5014018,-73.5718136,Mansfield / Ste-Catherine
6067,64,299165.47,5040397.36,23,4620062.00,45.503475,-73.572103,de Maisonneuve / University
6068,65,298935.13,5040341.45,12,4620062.00,45.50297,-73.57505,Mansfield / Sherbrooke
6070,67,298844.04,5040704.93,0,4620129.02,45.50624,-73.57622,University / Milton
6072,133,299234.14,5040549.44,31,4620062.00,45.504844,-73.571226,Union/Maisonneuve
6073,68,299276.04,5040567.85,0,4620062.00,45.50501,-73.57069,de Maisonneuve / Aylmer
6075,134,298509.99,5040940.41,0,4620128.00,45.508356,-73.580498,University / des Pins
6076,69,302452.59,5046257.43,18,4620016.00,45.556225,-73.530067,St-Clément/Ste-Catherine
6078,71,299395.02,5040797.78,68,4620062.00,45.50708,-73.56917,de Maisonneuve / de Bleury
6079,124,298853.41,5041107.66,0,4620131.00,45.509864,-73.576105,Hutchison/ Prince Arthur
6080,72,299002.76,5039400.04,3,4620063.00,45.49449932,-73.57417345,Mackay / René-Lévesque
6081,73,299612.92,5040566.45,33,4620062.00,45.505,-73.566379,Saint-Alexandre / Sainte-Catherine (Stationnement du Gesù)
6082,74,298328.47,5045636.66,23,4620202.00,45.550613,-73.582883,6e avenue/Rosemont
6083,75,299432.02,5040473.04,31,4620062.00,45.5041581,-73.5686929,Square Phillips
6084,76,298355.71,5038857.20,19,4620066.02,45.489609,-73.582445,Lambert-Closse / Tupper
6085,77,299854.23,5039477.18,38,4620069.00,45.4952,-73.56328,Notre-Dame / Peel
6086,290,300138.30,5039339.38,6,4620070.00,45.493962,-73.559644,Peel / Ottawa
6087,291,299733.83,5039236.01,26,4620069.00,45.49302901,-73.56481791,Notre-Dame / de la Montagne
6088,292,299555.88,5038894.09,19,4620077.00,45.489951,-73.567091,Guy / Notre-Dame
6089,78,299316.92,5039053.10,15,4620068.00,45.49138,-73.57015,Saint-Jacques / Guy
6090,79,299244.57,5039439.90,17,4620063.00,45.49486,-73.57108,Métro Lucien-L'Allier  (Lucien l'Allier/Argyle)
6091,80,298824.34,5039138.79,0,4620066.01,45.492147,-73.576453,Joseph Manceau / René-Lévesque
6092,81,299057.11,5039573.43,0,4620063.00,45.49606,-73.57348,Crescent / René-Lévesque
6093,126,297936.58,5039047.99,22,4620065.02,45.49132175,-73.5878098,Atwater / Sherbrooke
6094,194,297534.08,5042865.48,19,4620171.00,45.525669,-73.593016,Gaspé / Fairmount
6095,84,298250.03,5039074.13,19,4620065.02,45.49156,-73.5838,Chomedey / de Maisonneuve
6096,85,299383.68,5039338.76,16,4620069.00,45.493951,-73.569299,Torrance/Lucien L'Aller
6097,86,298462.11,5039178.82,25,4620065.01,45.492504,-73.581088,Towers/ Ste-Catherine
6098,87,298847.69,5039613.63,27,4620063.00,45.49642,-73.57616,Bishop / Sainte-Catherine
6099,88,298710.84,5039725.00,0,4620064.00,45.49742103,-73.57791245,Bishop / de Maisonneuve
6100,89,298664.05,5039632.70,34,4620064.00,45.49659,-73.57851,de Maisonneuve / Mackay
6101,90,295434.98,5037735.57,11,4620108.00,45.479483,-73.61979,Metro Villa Maria (Décarie / Monkland)
6102,91,298247.38,5039237.94,15,4620065.02,45.493034,-73.583836,Lincoln / Dufort
6103,92,300700.24,5044321.76,19,4620034.00,45.538799,-73.552496,Lespérance/Rouen
6104,93,300567.48,5041885.15,12,4620043.00,45.51687265,-73.5541749,Wolfe / René-Lévesque
6105,94,300737.59,5042181.46,19,4620042.00,45.51954,-73.552,Plessis / René-Lévesque
6106,95,300951.75,5042359.14,4,4620041.00,45.52114,-73.54926,René-Lévesque / Papineau
6107,96,298610.90,5039313.58,21,4620066.01,45.493718,-73.579186,St-Mathieu /Ste-Catherine
6108,97,300809.70,5043171.45,19,4620038.00,45.52844869,-73.551085,Logan / Fullum
6109,98,303091.58,5039819.19,19,4620040.00,45.498293,-73.52186,Plage du parc Jean-Drapeau
6110,99,301174.91,5043236.16,14,4620039.00,45.529033,-73.54641,Poupart / Sainte-Catherine
6111,100,300946.63,5042923.68,18,4620039.00,45.52622,-73.54933,Parthenais / Sainte-Catherine
6112,101,300279.76,5042139.21,19,4620044.00,45.519157,-73.55786,Montcalm/Maisonneuve
6113,102,300476.84,5042443.90,19,4620045.00,45.5219,-73.55534,Alexandre-DeSève / Maisonneuve
6114,103,300738.66,5042624.87,24,4620041.00,45.52353,-73.55199,Métro Papineau (Cartier / Ste-Catherine)
6115,104,294504.41,5036345.90,15,4620099.00,45.466965,-73.631664,Benny/ Monkland
6116,105,300039.43,5042631.37,19,4620049.00,45.523584,-73.560941,Plessis / Ontario
6117,106,300173.65,5042329.66,15,4620044.00,45.52087,-73.55922,Robin / de la Visitation
6118,107,300110.28,5042793.96,19,4620049.00,45.52504754,-73.56003553,Champlain / Ontario
6119,108,300267.80,5043007.49,23,4620047.00,45.52697,-73.558021,Dorion / Ontario
6120,109,300626.40,5043559.56,0,4620037.00,45.53194,-73.553435,Poupart / Ontario
6121,110,300474.19,5043958.45,23,4620033.00,45.53552845,-73.55538726,Gascon/Rouen
6122,111,300962.55,5043407.09,13,4620038.00,45.53057,-73.54913,Logan / d'Iberville
6123,112,300254.54,5042590.42,14,4620046.00,45.523217,-73.558187,Alexandre de Sève / La Fontaine
6124,113,300623.03,5043547.78,23,4620037.00,45.531834,-73.553478,Poupart/Ontario
6125,114,294695.28,5039989.78,13,4620123.00,45.499757,-73.629298,Ellendale/Côte-Des-Neiges
6126,115,300223.78,5043585.40,0,4620035.00,45.53217,-73.55859,Rouen / Fullum
6127,116,295559.23,5044224.76,11,4620232.00,45.537877,-73.618323,Henri Julien/Castelneau
6128,117,300620.57,5044184.01,0,4620034.00,45.537559,-73.553515,Wurtele / Rouen
6129,121,299865.37,5043347.52,15,4620048.00,45.53002706,-73.56317639,de Bordeaux / Sherbrooke
6130,118,300050.77,5044088.95,15,4620032.00,45.5367,-73.56081,Sherbrooke / Frontenac
6131,119,299924.40,5043780.55,35,4620150.00,45.533924,-73.562425,Fullum / Sherbrooke
6132,136,300159.44,5043250.41,23,4620036.00,45.52915521,-73.55941057,Larivière / de Lorimier
6133,120,299644.24,5043968.58,19,4620152.00,45.535614,-73.566014,Terasse Mercure / Fulum
6134,135,299907.72,5044229.53,19,4620153.00,45.537964,-73.562643,Gascon/Rachel
6136,137,297797.11,5043099.44,15,4620172.00,45.527777,-73.589652,Métro Laurier (Rivard/ Bibaud)
6137,138,299595.63,5043367.18,0,4620149.00,45.530202,-73.56663,Gauthier / Papineau
6138,139,299698.33,5043546.69,11,4620149.00,45.531818,-73.565317,Gauthier / De Lorimier
6139,140,299772.35,5043607.97,11,4620150.00,45.53237,-73.56437,Gauthier / des Érables
6140,141,299309.74,5043322.93,15,4620147.00,45.52980158,-73.57028961,Marquette / Rachel
6141,142,299466.95,5043597.11,27,4620148.00,45.53227,-73.56828,de Bordeaux / Rachel
6142,143,299171.57,5043099.61,31,4620145.00,45.527791,-73.572056,Calixa Lavalée / Rachel
6143,144,299125.86,5042999.52,14,4620145.00,45.52689,-73.57264,Rachel / Brébeuf
6145,145,299159.23,5042755.01,19,4620145.00,45.52469,-73.57221,du Parc-La Fontaine / Duluth
6146,146,299430.85,5042576.29,19,4620145.00,45.523084,-73.568731,du Parc-La Fontaine / Roy
6147,147,299687.31,5042765.67,27,4620145.00,45.52479,-73.56545,Calixa-Lavallée / Sherbrooke
6148,148,299751.59,5043043.44,31,4620145.00,45.52729,-73.56463,Émile-Duployé / Sherbrooke
6149,149,299383.21,5044308.42,27,4620154.00,45.53867,-73.56936,Chapleau / Mont-Royal
6150,150,299407.27,5044141.59,17,4620152.00,45.537169,-73.56905,Terrasse Guindon / Fullum
6151,151,299198.60,5043972.97,19,4620151.00,45.53565,-73.57172,des Érables / Mont-Royal
6152,152,299060.04,5043804.66,1,4620156.00,45.53413437,-73.57349217,Chabot / Mont-Royal
6153,153,299193.93,5043642.25,0,4620148.00,45.532674,-73.571776,Cartier/Marie-Anne
6154,154,298907.71,5043599.83,19,4620157.00,45.53229,-73.57544,Marquette / Mont-Royal
6155,155,298806.03,5043447.68,27,4620157.00,45.53092,-73.57674,Garnier / Mont-Royal
6156,156,298844.01,5043094.07,19,4620146.00,45.52773841,-73.57624948,Marie-Anne / de la Roche
6157,157,298685.49,5043185.53,23,4620146.00,45.52856,-73.57828,de la Roche / Mont-Royal
6158,158,298431.87,5043426.93,19,4620158.00,45.53073,-73.58153,Gilford / Brébeuf
6159,159,295242.62,5044690.88,11,4620234.00,45.542067,-73.622386,Villeray/Lajeunesse
6160,160,298459.46,5043675.84,23,4620157.00,45.53297,-73.58118,Garnier / Saint-Joseph
6161,161,298655.81,5043985.70,18,4620156.00,45.53576,-73.57867,Cartier / Saint-Joseph
6162,162,298930.54,5044459.97,15,4620178.00,45.54003,-73.575158,Fullum / Saint-Joseph
6163,163,298380.07,5043949.30,23,4620176.00,45.53543,-73.5822,Marquette / Laurier
6164,164,298261.36,5043721.72,19,4620174.00,45.533381,-73.583717,Lanaudière / Laurier
6165,165,298155.58,5043621.70,35,4620174.00,45.53248,-73.58507,Brébeuf / Laurier
6166,166,297886.31,5043802.02,26,4620174.00,45.5341,-73.58852,Brébeuf / Saint-Grégoire
6167,167,298095.98,5044127.41,11,4620176.00,45.53703,-73.58584,Marquette / Saint-Grégoire
6168,168,300502.87,5041103.87,23,4620055.01,45.509842,-73.554995,Gosford/St-Antoine
6169,169,297967.06,5043291.95,15,4620173.00,45.529511,-73.587479,St-André/Laurier
6170,170,298022.51,5043351.35,19,4620173.00,45.530046,-73.58677,de Mentana / Laurier
6171,171,300091.58,5042177.47,27,4620044.00,45.5195,-73.560269,Wolfe/Robin
6173,173,299390.60,5042138.67,35,4620143.00,45.5191458,-73.5692414,Cherrier / Berri
6174,174,299120.39,5042131.60,22,4620135.00,45.51908,-73.5727,Roy / Saint-Denis
6175,175,299508.57,5042297.73,22,4620144.00,45.520578,-73.567733,St-André/Cherrier
6176,176,299063.70,5042586.28,19,4620144.00,45.523171,-73.573431,St-André / Duluth
6177,177,298881.01,5042703.25,0,4620142.00,45.524222,-73.575771,Saint-André / Rachel
6178,178,298948.98,5042434.48,18,4620143.00,45.52180403,-73.57489765,Duluth  / Berri
6179,179,298872.83,5042306.86,6,4620135.00,45.520655,-73.575871,Duluth/St-Denis
6180,180,299957.38,5041082.93,18,4620057.00,45.50965,-73.561976,Place de la paix (St-Dominique/place du marché)
6181,181,298342.96,5041884.86,23,4620138.00,45.516853,-73.582648,Clark/Rachel
6182,182,298151.94,5042401.48,11,4620161.00,45.5215,-73.5851,Bullion / Mont-Royal
6183,183,298227.84,5042502.86,23,4620139.00,45.52241291,-73.58412981,Laval / Mont-Royal
6184,184,298351.51,5042753.90,35,4620160.00,45.524673,-73.58255,Métro Mont-Royal (Rivard/Mont-Royal)
6185,185,296913.24,5045490.81,15,4620249.00,45.549286,-73.601006,Des érables/Bélanger
6186,186,298549.45,5043060.08,27,4620159.00,45.52743,-73.58002,Boyer / Mont-Royal
6187,187,298478.49,5042953.02,3,4620159.00,45.526466,-73.580927,St-André/ Mont-Royal
6188,188,298722.08,5042899.11,23,4620140.00,45.525983,-73.577808,Mentana / Marie-Anne
6189,189,296252.01,5045641.49,11,4620242.00,45.550634,-73.609477,Chabot/Everett
6190,190,298093.85,5043013.66,15,4620160.00,45.527008,-73.585852,Pontiac/Gilford
6191,191,295999.39,5043504.44,0,4620219.00,45.531401,-73.612674,St-Zotique/Clark
6192,192,297632.24,5043324.67,19,4620172.00,45.529802,-73.591766,Berri/St-Grégoire
6193,193,297241.21,5042401.96,19,4620168.00,45.521495,-73.596758,Esplanade/Fairmount
6194,83,298080.84,5038890.28,15,4620065.02,45.489904,-73.585962,Métro Atwater (Atwater / Maisonneuve)
6195,195,297786.62,5042654.15,19,4620162.00,45.52377,-73.58978,de Bullion / Boul. Saint-Joseph
6196,196,297833.22,5042409.61,19,4620161.00,45.52157,-73.58918,Villeneuve/St-Laurent
6197,197,298278.68,5044233.35,19,4620177.00,45.537985,-73.583502,Cartier/Masson
6198,198,297358.54,5043318.10,4,4620172.00,45.52974,-73.59527,Hélène-Baillargeon / Saint-Denis
6199,199,297037.24,5042810.79,19,4620170.00,45.52517156,-73.59937549,Clark / Saint-Viateur
6200,200,297310.21,5042743.61,7,4620171.00,45.52457,-73.59588,Maguire / Saint-Laurent
6201,201,297963.96,5042626.77,23,4620162.00,45.52352541,-73.58750939,Villeneuve / de l'Hôtel-de-Ville
6202,122,299279.35,5041124.16,23,4620132.00,45.510016,-73.570654,Sainte-Famille / Sherbrooke
6203,202,299167.70,5040879.11,3,4620131.00,45.50781,-73.57208,Hutchison / Sherbrooke
6204,46,298962.48,5040926.08,31,4620130.00,45.508231,-73.574707,Milton / Durocher
6205,203,299053.81,5041090.36,31,4620132.00,45.50971,-73.57354,Milton / du Parc
6206,204,298903.10,5041188.30,0,4620132.00,45.51059,-73.57547,Prince-Arthur / du Parc
6207,205,298782.49,5041435.45,15,4620132.00,45.51281295,-73.57701659,Sainte-Famille / des Pins
6208,206,298701.52,5041199.60,19,4620131.00,45.51069,-73.57805,Hutchison / des Pins
6209,207,299282.25,5041402.43,23,4620132.00,45.51252,-73.57062,Milton / Clark
6210,208,292619.55,5045677.05,15,4620270.00,45.5509,-73.656,Metro  Sauvé (Sauvé/Berri)
6211,209,298886.44,5041746.19,23,4620136.00,45.51561,-73.57569,Roy / Saint-Laurent
6212,210,298440.75,5041701.17,14,4620138.00,45.515201,-73.581394,Duluth/Esplanade
6213,211,298611.59,5041912.04,15,4620136.00,45.5171,-73.57921,Duluth / Saint-Laurent
6214,212,299404.60,5041939.09,9,4620134.00,45.51735,-73.56906,Square Saint-Louis
6215,213,298689.48,5041671.92,19,4620137.00,45.51494,-73.57821,Saint-Cuthbert / Saint-Urbain
6216,214,298156.64,5041674.68,34,4620138.00,45.51496,-73.58503,Parc du Mont-Royal
6217,215,298267.49,5042181.66,23,4620139.00,45.519523,-73.583618,Marie-Anne/St-Dominique
6218,404,299058.11,5041429.53,19,4620132.00,45.512762,-73.573489,Prince-Arthur / Saint-Urbain
6219,216,298990.44,5041928.35,0,4620136.00,45.51725,-73.574361,Hôtel de Ville/Roy
6220,217,298767.67,5042149.36,15,4620135.00,45.51923691,-73.57721508,Laval / Duluth
6221,218,298014.98,5042169.37,23,4620138.00,45.51941,-73.58685,Mont-Royal / Clark
6222,219,297942.81,5042038.09,11,4620138.00,45.518228,-73.587772,de l'Esplanade / Mont-Royal
6223,220,297846.72,5041901.73,33,4620138.00,45.517,-73.589,Mont-Royal / du Parc
6224,221,297585.16,5042045.38,15,4620163.00,45.51829,-73.59235,Villeneuve/ Parc
6225,222,297725.32,5042256.15,11,4620163.00,45.520188,-73.590559,Villeneuve / St-Urbain
6226,223,299995.36,5048423.90,35,4620190.02,45.575707,-73.561562,Hopital Maisonneuve Rosemont (Rosemont/Chatelain)
6227,224,297417.61,5042336.29,23,4620168.00,45.520906,-73.594499,Esplanade/Laurier
6228,284,296385.49,5043055.17,11,4620167.00,45.527363,-73.607723,Waverly / Van Horne
6229,225,298119.54,5042348.18,15,4620139.00,45.52102,-73.585514,Coloniale/ Mont-Royal
6230,226,296955.36,5042683.50,15,4620169.00,45.52402527,-73.60042155,Waverly / Saint-Viateur
6231,227,296839.65,5042509.70,23,4620168.00,45.52246,-73.6019,Saint-Viateur / du Parc
6232,285,296149.68,5042795.24,19,4620165.00,45.52502123,-73.61073732,Hutchison / Van Horne
6233,286,296609.69,5042714.02,27,4620168.00,45.52429587,-73.60484719,Bernard / Jeanne-Mance
6234,228,296784.83,5043010.97,23,4620167.00,45.52697,-73.60261,Bernard / Clark
6235,229,297126.68,5042963.12,19,4620171.00,45.52654332,-73.59823287,Saint-Dominique / Saint-Viateur
6236,230,298607.49,5044174.23,31,4620178.00,45.537456,-73.579291,Bordeaux/Laurier
6237,232,298509.26,5043569.44,14,4620157.00,45.532013,-73.580541,Gilford/Lanaudière
6240,236,294673.34,5040680.60,23,4620122.00,45.505973,-73.629593,Hudson/Kent
6241,237,297165.19,5041940.86,15,4620363.00,45.517345,-73.597724,Querbes / Laurier
6243,239,296457.58,5042221.37,19,4620362.00,45.519861,-73.606786,Bloomfield / Bernard
6245,241,295999.28,5042524.80,14,4620365.00,45.5225858,-73.61265779,Bloomfield / Van Horne
6246,242,295824.77,5042267.14,20,4620366.00,45.520265,-73.614887,Métro Outremont (Wiseman / Van Horne)
6247,243,296124.14,5043686.42,15,4620218.00,45.53304,-73.61108,Casgrain / Saint-Zotique
6248,244,298427.69,5042078.14,23,4620139.00,45.518593,-73.581566,St-Dominique/Rachel
6249,245,296053.68,5044122.15,15,4620218.00,45.53696,-73.61199,Bélanger / Saint-Denis
6250,246,295795.97,5044134.74,23,4620218.00,45.53707,-73.61529,Henri-Julien / Jean-Talon
6251,247,296030.78,5043835.13,19,4620218.00,45.534377,-73.612278,Gaspé/Dante
6252,248,295783.63,5043702.45,2,4620219.00,45.53318,-73.61544,Mozart / Saint-Laurent
6253,249,295877.11,5044430.99,15,4620234.00,45.5397368,-73.61425638,Lajeunesse / Jean-Talon
6254,250,296290.00,5044466.33,19,4620213.00,45.54006,-73.60897,Boyer / Bélanger
6255,251,296556.08,5044290.39,19,4620212.00,45.53848,-73.60556,Boyer / Saint-Zotique
6257,253,296382.92,5044048.24,15,4620214.00,45.536299,-73.607773,Saint-Vallier / Saint-Zotique
6258,254,297526.95,5044128.60,31,4620209.00,45.537035,-73.593126,Parc Père-Marquette (Chambord / Rosemont)
6259,255,298227.87,5044555.24,14,4620179.00,45.540881,-73.584157,Dandurand/De Lorimier
6260,256,298060.08,5044300.70,19,4620179.00,45.538589,-73.586302,Dandurand/Papineau
6261,257,297922.81,5044966.64,19,4620205.00,45.54458,-73.588069,Louis Hémon / Rosemont
6262,258,297155.38,5044147.60,1,4620211.00,45.537202,-73.597884,de la Roche /  Bellechasse
6263,259,294901.17,5036838.13,15,4620102.00,45.4714,-73.6266,Hampton/Monkland
6264,260,297606.24,5044758.07,15,4620208.00,45.5427,-73.59212,Chabot / Bellechasse
6265,261,298760.21,5044374.45,19,4620178.00,45.539259,-73.577338,Parthenais / Laurier
6266,262,297563.26,5045410.46,19,4620206.00,45.54857,-73.59268,Louis-Hébert / Beaubien
6267,263,297389.41,5044986.14,2,4620208.00,45.54475,-73.5949,de Bordeaux / Beaubien
6268,264,297012.68,5044454.72,19,4620212.00,45.539964,-73.599716,Chambord / Beaubien
6269,265,296690.74,5044551.37,7,4620213.00,45.54083,-73.60384,de Normanville / Saint-Zotique
6270,266,296914.31,5044852.36,19,4620209.00,45.543541,-73.600982,Fabre / Saint-Zotique
6271,267,296659.97,5043347.08,23,4620216.00,45.529993,-73.604214,Casgrain / de Bellechasse
6272,268,297113.07,5045183.84,15,4620207.00,45.546526,-73.598442,Bordeaux / Saint-Zotique
6273,269,296787.20,5045230.15,19,4620207.00,45.546939,-73.602616,Cartier / Bélanger
6274,270,298262.82,5043475.34,19,4620174.00,45.531164,-73.583695,De la Roche/St-Joseph
6275,271,296174.53,5044996.36,2,4620244.00,45.544828,-73.610458,Chambord / Jean-Talon
6276,272,296476.71,5044801.36,15,4620247.00,45.543077,-73.606585,Chambord / Bélanger
6277,293,297496.69,5045241.62,15,4620206.00,45.54705,-73.59353,Louis-Hémon / Beaubien
6278,273,297322.96,5045570.77,11,4620206.00,45.55001,-73.59576,Louis-Hébert / Saint-Zotique
6279,274,297081.73,5045731.87,15,4620206.00,45.551457,-73.598852,Louis-Hébert / Bélanger
6280,294,297452.46,5042747.99,15,4620171.00,45.524611,-73.594059,Fairmount/St-Dominique
6281,437,298115.83,5043189.00,15,4620159.00,45.528586,-73.585573,St-André/St-Joseph
6301,389,296733.51,5042038.08,15,4620362.00,45.518215,-73.603251,Parc Outremont (Bloomfield / Elmwood)
6302,390,296496.44,5041713.33,15,4620360.00,45.51529,-73.60628,Stuart / Côte-Ste-Catherine
6303,391,295449.29,5041672.02,11,4620366.00,45.514905,-73.619682,Dunlop / Van Horne
6304,392,295815.90,5041750.61,15,4620362.00,45.515617,-73.614991,Rockland / Lajoie
6305,393,296137.60,5041612.58,15,4620362.00,45.514379,-73.610871,Davaar / Côte-Sainte-Catherine
6306,394,296093.35,5041135.56,38,4620360.00,45.510086,-73.611429,Mont-Royal / Vincent-D'Indy
6307,309,298592.14,5042236.34,0,4620136.00,45.520018,-73.579463,Laval/Rachel
6309,311,299178.42,5035126.89,23,4620307.00,45.456049,-73.571877,5e ave/Verdun
6310,312,295327.94,5040628.57,31,4620126.00,45.505514,-73.621215,Darlington / Côte-Sainte-Catherine
6311,315,296244.22,5043881.29,19,4620218.00,45.534795,-73.609546,Drolet/St-Zotique
6312,314,294393.67,5040161.97,23,4620122.00,45.501302,-73.633161,Kent / Côte-Des-Neiges
6313,313,297774.66,5036712.35,19,4620083.00,45.470303,-73.589848,Palm/St-Remi
6314,316,298959.18,5043258.50,19,4620146.00,45.529219,-73.574777,De Lanaudiere/Marie-Anne
6315,317,295230.72,5039749.01,15,4620127.01,45.497598,-73.622442,Gatineau/Lacombe
6316,318,295532.84,5039683.32,27,4620127.01,45.497011,-73.618575,Parc Jean-Brillant (Swail / Decelles)
6321,396,295244.36,5044033.53,0,4620232.00,45.536152,-73.622351,Gary Carter / St-Laurent
6322,355,295047.75,5044218.43,15,4620230.00,45.537813,-73.624872,St-Dominique / Villeray
6323,332,294310.36,5044458.66,15,4620227.00,45.539964,-73.634319,Guizot / Saint-Laurent
6324,356,294277.86,5045078.56,15,4620237.00,45.54554156,-73.63474846,de Liège / Lajeunesse
6327,333,295398.71,5044445.05,15,4620231.00,45.53985704,-73.62038255,Faillon / Saint-Denis
6328,357,295163.10,5044472.41,11,4620230.00,45.5401,-73.6234,Drolet / Villeray
6329,334,294968.63,5044660.63,15,4620235.00,45.541791,-73.625894,Gounod / Saint-Denis
6330,335,294640.82,5044531.80,15,4620228.00,45.540627,-73.630089,De Gaspé / Jarry
6331,336,294471.24,5044837.57,0,4620227.00,45.543376,-73.632267,Guizot / Saint-Denis
6332,337,294136.08,5044749.56,15,4620226.00,45.542579,-73.636557,De Gaspé / De Liège
6333,338,294562.83,5045264.39,15,4620238.00,45.547218,-73.631103,Leman/Chateaubriand
6334,339,294773.25,5044860.09,19,4620236.00,45.543583,-73.6284,Lajeunesse / Jarry
6335,340,295305.93,5044980.06,15,4620239.00,45.54467,-73.621581,Du Rosaire / Saint-Hubert
6336,341,295599.17,5044782.03,19,4620245.00,45.542892,-73.617822,Faillon / Saint-Hubert
6338,342,295009.96,5045270.90,14,4620239.00,45.547283,-73.625377,Boyer / Jarry
6339,343,295128.41,5037160.05,15,4620104.00,45.4743,-73.6237,Harvard/Monkland
6340,344,295832.27,5045001.18,18,4620244.00,45.544867,-73.614841,De La Roche / Everett
6341,345,299266.19,5036384.80,19,4620301.00,45.467369,-73.570769,Regina / Verdun
6343,346,295819.12,5045632.87,1,4620243.00,45.550551,-73.615021,Marquette / Villeray
6344,397,295626.26,5043925.95,23,4620232.00,45.535189,-73.617459,Saint-Dominique / Jean talon
6345,347,296156.32,5046119.15,15,4620249.00,45.554931,-73.610711,Louis-Hémon / Villeray
6346,348,301858.52,5045055.69,3,4620021.00,45.545409,-73.537669,Valois/Ste-Catherine
6347,349,297019.86,5046592.33,11,4620251.01,45.559199,-73.599658,Métro St-Michel ( Shaughnessy/St-Michel)
6349,350,299699.85,5037139.67,19,4620074.00,45.474165,-73.565231,Coleraine/Butler
6350,351,299765.47,5037954.76,22,4620075.00,45.4815,-73.5644,Island/Centre
6354,358,295892.35,5036874.76,2,4620104.00,45.471743,-73.613924,Marcil/Sherbrooke
6355,359,301887.91,5046299.34,19,4620015.00,45.5566,-73.5373,Sicard/Ontario
6356,360,295324.35,5037470.92,15,4620106.00,45.4771,-73.6212,Monkland/Girouard
6357,361,297832.11,5046336.44,15,4620202.00,45.556905,-73.58925,12e Avenue / Saint-Zotique
6358,362,297590.72,5045929.75,19,4620203.00,45.553243,-73.592336,6e avenue /St-Zotique
6359,363,300382.98,5041176.97,25,4620058.00,45.510499,-73.55653,Métro Champs-de-Mars (Viger/Sanguinet)
6360,364,297966.73,5045926.21,4,4620202.00,45.553215,-73.58752,8e Avenue / Beaubien
6361,365,297737.94,5045622.08,15,4620203.00,45.550476,-73.590446,1ere Avenue / Beaubien
6362,366,298144.91,5045346.14,19,4620204.00,45.547997,-73.58523,1ere Avenue / Rosemont
6363,367,295432.43,5036548.37,15,4620103.00,45.4688,-73.6198,Côte St-Antoine/Royal
6364,368,300248.47,5045526.73,19,4620187.03,45.549639,-73.558292,Chambly / Rachel
6366,370,295045.84,5041132.21,15,4620124.00,45.510042,-73.624835,Wilderton  / Van Horne
6367,371,298614.05,5045275.09,15,4620180.00,45.547362,-73.579221,3e Avenue / Dandurand
6368,372,299041.16,5045603.52,19,4620184.00,45.550321,-73.573755,10e Avenue / Masson
6369,373,293833.72,5035171.89,9,4620097.02,45.45639046,-73.6402148,West Broadway/Sherbrooke
6370,374,299346.96,5046366.83,15,4620185.00,45.557192,-73.569847,D'Orléans / Masson
6371,375,298903.39,5045232.13,30,4620181.00,45.546978,-73.575515,4e Avenue / Masson
6372,376,298792.51,5044912.29,23,4620181.00,45.544099,-73.576931,Molson / Masson
6373,377,299384.84,5045381.62,11,4620186.00,45.548327,-73.569351,9e Avenue / Saint-Joseph
6374,378,299371.27,5045946.29,19,4620186.00,45.553408,-73.569531,15e Avenue / Laurier
6375,379,297979.58,5037484.03,19,4620081.00,45.477249,-73.587238,Metro Place St-Henri (St-Ferdinand/St-Jacques)
6376,380,299745.25,5046030.10,14,4620186.00,45.554165,-73.564742,18e Avenue / Saint-Joseph
6377,381,299808.31,5037752.47,19,4620075.00,45.47968,-73.56385,Grand trunk/Hibernia
6379,383,298886.35,5035928.18,15,4620303.00,45.463257,-73.575621,Bannantyne /de l'Eglise
6380,384,299965.66,5045743.10,19,4620187.03,45.551584,-73.561916,Parc J.-Arthur-Champagne (Chambly/Mont-Royal)
6381,385,299963.50,5045064.08,23,4620187.04,45.545474,-73.561937,Omer-Lavallée / Midway
6383,319,300513.57,5046125.55,19,4620189.00,45.555029,-73.554902,Jardin Botanique
6384,387,300385.95,5045058.33,3,4620187.01,45.545425,-73.556527,Darling / Sherbrooke
6385,320,298832.36,5044031.98,23,4620156.00,45.536178,-73.57641,Bordeaux/Gilford
6386,321,300533.42,5044656.93,21,4620031.00,45.541814,-73.554635,Métro Préfontaine (Moreau / Hochelaga)
6387,322,300759.96,5045253.00,19,4620030.00,45.547179,-73.551739,Métro Joliette  (joliette/Hochelaga)
6388,323,300934.87,5045640.63,11,4620030.00,45.550668,-73.549502,D'Orléans / Hochelaga
6389,324,296019.16,5044624.95,15,4620247.00,45.541484,-73.612441,Boyer / Jean-Talon
6391,325,301238.43,5044914.54,13,4620027.00,45.544136,-73.545609,Aylwin / Ontario
6393,327,301097.82,5044571.00,33,4620028.00,45.541044,-73.547407,Ontario / Dézéry
6394,328,301095.05,5045296.25,23,4620029.00,45.54757,-73.547448,Nicolet / Rouen
6395,329,300999.07,5046562.09,40,4620014.02,45.55896,-73.548687,Pierre-de-Coubertin / Aird
6396,388,300758.72,5045997.58,41,4620014.02,45.553879,-73.551761,Métro Pie-IX (Pierre-de-Coubertin / Pie-IX)
6397,330,301730.82,5045953.91,23,4620018.00,45.553491,-73.53931,Marché Maisonneuve
6398,331,301617.16,5045690.36,27,4620019.00,45.551119,-73.540764,Desjardins / Ontario
6401,301,299416.77,5038641.39,15,4620077.00,45.487676,-73.568868,des Seigneurs / Notre-Dame
6402,302,298125.17,5036983.12,18,4620083.00,45.472743,-73.585369,Sir Georges Etienne Cartier/Ste-Émilie
6403,303,299188.88,5038345.32,18,4620077.00,45.48501,-73.57178,Georges-Vanier / Notre-Dame
6404,304,298740.74,5038443.42,23,4620067.00,45.485889,-73.577514,Quesnel/Vinet
6405,305,298947.59,5038015.47,19,4620078.00,45.48203995,-73.57486278,Duvernay/charlevoix
6406,306,298772.36,5037828.84,33,4620079.00,45.480359,-73.577102,Marché Atwater
6407,307,298756.35,5038225.48,31,4620078.00,45.48392802,-73.57731164,Métro Lionel-Groulx ( Lionel-Groulx /Charlevoix)
6408,308,298815.66,5038800.18,17,4620068.00,45.4891,-73.57656,Saint-Antoine / Canning (Metro George-Vanier)
6409,399,299071.30,5038506.23,19,4620077.00,45.486457,-73.573286,Lionel-Groulx / George-Vanier
6410,424,294028.07,5045242.06,19,4620265.00,45.547009,-73.637951,Basile-Routhier / Crémazie
6411,432,299100.28,5041493.50,15,4620132.00,45.513338,-73.57295,Clark/Prince Arthur
6412,425,293977.42,5045937.06,2,4620264.02,45.553262,-73.638615,Complexe sportif Claude-Robillard (émile Journault)
6413,426,299483.71,5040432.87,56,4620062.00,45.503797,-73.568031,Square Phillips 2
6414,427,298077.50,5037743.19,2,4620081.00,45.479582,-73.585989,Agnes/Guay
6415,413,295714.16,5036714.66,15,4620096.00,45.4703,-73.6162,Wilson/Sherbrooke
6416,418,295783.54,5037493.91,15,4620108.00,45.477313,-73.615327,Ave Notre Dame de Grâce / Décarie
6417,414,301035.14,5045927.51,0,4620014.01,45.55325,-73.54822,Desjardins/Hochelaga
6418,415,296651.16,5037099.55,19,4620095.00,45.473775,-73.604223,Metro Vendome (Maisonneuve / Marlowe)
6419,419,294353.72,5039074.18,5,4620113.00,45.491513,-73.633649,Beaucourt /Cote Ste-Catherine
6420,422,294728.82,5038292.99,19,4620113.00,45.484489,-73.628834,Trans Island/Queen Mary
6421,417,297697.96,5044591.04,19,4620208.00,45.541198,-73.590943,Cartier/Rosemont
64,423,292182.90,5045977.98,15,4620270.00,45.5536,-73.6616,Fleury/Lajeunesse
6423,421,294653.71,5039605.89,15,4620117.00,45.496302,-73.629822,Hôpital général juif
6424,416,299018.28,5040351.71,23,4620062.00,45.503063,-73.573986,President kennedy/Mcgill College
6425,428,299650.80,5035870.28,17,4620300.00,45.462742,-73.565845,Ross / Ave de Léglise
6426,429,299213.12,5035533.37,23,4620305.00,45.459707,-73.571438,Willibord / Verdun
6427,430,299729.78,5036841.16,19,4620301.00,45.471479,-73.564845,Rushbrooke / Gilberte-Dubé
6428,433,301329.44,5035519.18,15,4620317.02,45.459593,-73.544377,Berlioz/Boul de l'Ile des Soeurs
6429,431,301469.64,5036357.80,30,4620317.02,45.46714,-73.54259,Place du Commerce
6432,438,297820.11,5038564.57,2,4620351.00,45.48697062,-73.58929306,Boul Maisonneuve/Greene
6433,439,297686.17,5038112.35,2,4620350.00,45.4829,-73.591,Hillside / Ste-Catherine
6434,440,296954.27,5037522.12,11,4620352.00,45.477581,-73.600353,Victoria/Maisonneuve
6435,441,296982.43,5037968.72,15,4620352.00,45.4816,-73.6,Victorial Hall
6436,442,297303.53,5038457.30,1,4620353.00,45.486,-73.5959,Argyle / Sherbrooke
6501,406,302157.52,5041353.56,27,4620040.00,45.512097,-73.53382,Métro Jean-Drapeau
6502,407,301857.59,5041248.00,19,4620040.00,45.511146,-73.537658,Quai de la navette fluviale
6503,408,295110.56,5043418.63,17,4620220.00,45.530617,-73.624052,Métro Parc  (Ogilvy/Hutchison)
6504,409,302076.81,5042428.45,22,4620040.00,45.521769,-73.534859,La Ronde
6700,454,302100.27,5045572.00,11,4620019.00,45.550056,-73.534576,Lasalle / Ste-Catherine
6701,455,301060.07,5047014.25,19,4620014.02,45.563029,-73.547909,Viau /Pierre de Coubertain
6702,456,301047.10,5047765.51,15,4620013.00,45.569789,-73.548081,Chauveau/Assomption
6703,457,298954.80,5048192.97,23,4620197.00,45.573621,-73.574892,St-Zotique/39e
6704,458,298114.27,5046857.23,15,4620201.00,45.561594,-73.585643,19e/St-Zotique
6705,459,298845.04,5035162.32,15,4620308.00,45.456365,-73.57614,5e ave/Bannantyne
6706,460,299133.40,5034547.72,11,4620312.00,45.450837,-73.572446,Beatty/Verdun
6707,461,298364.01,5035125.12,15,4620086.00,45.456026,-73.58229,Drake / De Sève
6708,462,299893.34,5040517.44,19,4620056.00,45.504561,-73.56279,Gauchetière/Bleury
6709,463,298227.87,5035754.14,15,4620086.00,45.461685,-73.584039,Le Caron / Marc-Sauvalle
6710,464,292399.46,5046517.31,0,4620271.00,45.558457,-73.65884,Georges Baril/ Fleury
6711,465,295595.82,5043564.70,19,4620219.00,45.531938,-73.617842,Alexandra/Waverly
6712,466,298344.77,5033144.25,18,4620316.00,45.438201,-73.58251,Lasalle/Crawford
6713,467,298599.56,5047593.65,15,4620198.00,45.56822507,-73.57943594,30e / St-Zotique
6714,468,297858.97,5032547.45,19,4620320.00,45.432826,-73.588711,Boul Lasalle/Alepin
6715,469,298871.32,5033836.29,19,4620314.00,45.444433,-73.575788,Natatorium (Lasalle/Rolland)
6716,470,292655.70,5047126.92,15,4620272.00,45.563947,-73.655573,Francis/Fleury
6717,471,293953.93,5039440.70,23,4620112.01,45.494805,-73.638772,Kent/Victoria
6718,472,295158.76,5036300.86,3,4620097.01,45.466569,-73.623295,Grand boulevard/Sherbrooke
6719,473,294453.97,5035776.78,15,4620097.02,45.461843,-73.632297,Park Row W/Sherbrooke
6720,474,302064.51,5046664.78,23,4620015.00,45.559889,-73.53504,Ontario/Ville Marie
6721,475,301148.88,5048569.15,19,4620190.01,45.577021,-73.546783,Cadillac/Sherbrooke
6722,476,301704.69,5048222.68,19,4620013.00,45.573906,-73.539659,Bossuet/Pierre de coubertain
6723,477,298739.47,5047228.88,15,4620199.00,45.564944,-73.577639,26e/beaubien
6724,478,298351.74,5036892.09,18,4620083.00,45.471926,-73.58247,Square Sir-Georges-Étienne-Cartier / Léa Roback
6725,479,297718.10,5035301.40,19,4620088.00,45.457606,-73.590551,Dubois / Eadie
6726,480,293058.06,5046769.98,15,4620272.00,45.560742,-73.65041,Hamel/Sauvé
6727,481,300084.47,5038327.58,18,4620073.00,45.484857,-73.560323,Richardson/Montmorency
6728,482,295088.13,5043006.03,15,4620221.00,45.526904,-73.624331,Champagneur/Jean Talon
6729,483,300129.51,5041906.50,5,4620052.00,45.517062,-73.559781,St-André/Maisonneuve
6730,484,299098.44,5047799.43,15,4620196.00,45.570081,-73.573047,35e/beaubien
6731,487,299238.60,5047162.74,23,4620199.00,45.564353,-73.571244,28e ave/Rosemont
6732,486,300184.36,5037556.93,19,4620072.00,45.477923,-73.559038,Fortune/wellington
6733,485,295677.07,5045453.04,15,4620240.00,45.548931,-73.616837,Rousselot/Villeray
6734,489,295345.23,5045671.91,15,4620240.00,45.550896,-73.621091,Rousselot/Jarry
6735,492,296872.94,5046836.67,15,4620251.02,45.561396,-73.601544,François Perrault / LO David
6736,490,291467.60,5046323.63,19,4620279.00,45.556697,-73.670771,Basile Routhier/Gouin
6737,491,294641.80,5045809.36,18,4620264.02,45.552123,-73.630103,Jacques Cassault/Christophe-Colomb
6738,493,299603.45,5040269.74,23,4620062.00,45.50233,-73.566497,Union/René Lévesque
6739,495,301306.53,5048985.70,15,4620191.00,45.58077,-73.544766,Repentigny/Sherbrooke
6740,6740,295527.99,5042272.23,15,4620367.00,45.520307,-73.618686,Dollard/Ducharme
6741,496,299934.13,5039305.75,1,4620070.00,45.493658,-73.562256,Murray/William
6742,497,297241.74,5035830.48,15,4620087.00,45.462362,-73.59665,Briand/Carron
6743,498,298284.13,5039402.37,19,4620065.01,45.494514,-73.583368,St-Marc/Sherbrooke
6744,499,297170.00,5035163.01,15,4620092.00,45.456355,-73.597557,Hamilton/Jolicoeur
6745,500,294905.25,5043000.98,14,4620221.00,45.526856,-73.626672,Outremont / Ogilvy
6746,501,294992.23,5042773.92,15,4620221.00,45.524814,-73.625554,Birnam /Jean Talon
6747,502,295847.58,5043415.64,15,4620219.00,45.5306,-73.614616,Waverly / St-Zotique
6748,503,298873.14,5037758.62,23,4620078.00,45.479728,-73.575812,Rufus Rockhead/Atwater
6749,504,300396.57,5040726.43,0,4620055.01,45.506445,-73.556352,St-Jacques/St-Laurent
6750,505,299584.53,5043733.81,23,4620151.00,45.533501,-73.566776,Rachel/Des Érables
6901,10,300069.32,5041534.19,39,4620059.00,45.51371137,-73.56054783,Sainte-Catherine / Saint-Denis
6902,21,299922.04,5042362.63,19,4620050.00,45.521165,-73.562441,Montcalm/Ontario
6903,233,298722.96,5041876.03,23,4620136.00,45.516777,-73.577784,Napoleon/St-Dominique
6904,275,297163.14,5044686.91,15,4620209.00,45.542055,-73.597793,Fabre / Beaubien
6905,276,298473.39,5044943.50,19,4620180.00,45.544377,-73.581018,Parc Rosemont (Dandurand/d'Iberville)
6906,277,297150.06,5043565.95,23,4620215.00,45.531968,-73.597943,St-Valier/Rosemont
6907,278,297342.88,5043806.65,23,4620210.00,45.534136,-73.595478,Boyer / Rosemont
6908,279,296894.24,5043733.52,19,4620215.00,45.533473,-73.601221,Bellechasse/St-Valier
6910,289,296831.87,5044130.11,19,4620211.00,45.537041,-73.602026,Boyer / Beaubien
6912,82,296714.80,5043951.34,27,4620215.00,45.535431,-73.603522,Chateaubriand / Beaubien
6913,127,296533.93,5043720.09,19,4620217.00,45.533348,-73.605834,Drolet / Beaubien
6915,128,296469.66,5043614.38,19,4620217.00,45.532396,-73.606655,Alma / Beaubien
6916,129,299211.66,5044957.91,19,4620181.00,45.544513,-73.571564,Parc du Pélican (2e ave/St-Joseph)
6917,287,293245.40,5045570.18,11,4620265.00,45.549949,-73.647982,Basile-Routhier / Chabanel
6918,130,298779.25,5045653.55,11,4620183.00,45.550769,-73.57711,9e Avenue / Dandurand
6919,288,298461.28,5045862.79,14,4620202.00,45.552649,-73.581185,10e Avenue / Rosemont
6921,280,299630.16,5038081.75,15,4620076.00,45.48264173,-73.56613219,Island/Augustin-Cantin
6923,131,296397.31,5045277.01,19,4620243.00,45.54735612,-73.60760987,Marquette / Jean-Talon
6924,234,296561.43,5045537.73,15,4620242.00,45.54970408,-73.60551238,de Bordeaux / Jean-Talon
6925,132,296757.85,5045841.81,19,4620249.00,45.55244261,-73.60300183,des Écores / Jean-Talon
6926,281,298647.96,5042749.26,15,4620141.00,45.524634,-73.578755,Marie-anne/ St-Hubert
6927,282,295807.22,5040818.57,19,4620126.00,45.50723,-73.615085,Édouard-Montpetit / Stirling
6928,283,295570.07,5040019.33,23,4620127.01,45.500035,-73.618105,Louis-Colin / McKenna
6929,452,297649.31,5043494.46,15,4620173.00,45.53133,-73.59155,St-André/St-Grégoire
10002,297,299354.64,5037591.47,15,4620075.00,45.47822787,-73.56965125,Métro Charlevoix (Centre / Charlevoix)
