SRIDU;1kmCountBIXIstops;500mCountBIXIstops;1kmCountBIXIcapacity;500mCountBIXIcapacity;1kmCountAMTstops;500mCountAMTstops;1kmCountAMTcountStopTimes;500mCountAMTcountStopTimes;1kmCountSTMstops;500mCountSTMstops;1kmCountSTMcountStopTimes;500mCountSTMcountStopTimes;1kmCountSTMcountStopTimesSemaine;500mCountSTMcountStopTimesSemaine;1kmCountSTMcountStopTimesSamedi;500mCountSTMcountStopTimesSamedi;1kmCountSTMcountStopTimesDimanche;500mCountSTMcountStopTimesDimanche;age;permis;pop;hommes;femmes;statut_1;statut_2;statut_3;statut_4;statut_5;statut_6;statut_7;statut_8
4620182.00;17.5;6.1;309.3;114.5;0.0;0.0;0.0;0.0;100.2;22.3;58989.4;12254.6;14981.5;3012.3;11511.2;2371.1;10298.6;2146.8;36.2;0.196;1968.8699999999994;915.5099999999999;1053.3600000000001;1009.96;162.28;295.95000000000005;254.11999999999998;48.489999999999995;127.37;70.7;0
4620241.00;8.2;2.2;106.9;20.6;0.0;0.0;0.0;0.0;112.8;39.7;52544.1;20453.7;12731.9;5034.7;10234.5;3975.8;9423.3;3606.9;38.5;0.342;2641.4699999999993;1440.7500000000002;1200.7199999999998;931.6299999999999;256.83;529.2800000000001;347.29;125.52000000000001;154.49;296.43;0
4620203.00;17.7;5.3;260.7;80.6;0.0;0.0;0.0;0.0;117.6;21.1;72437.5;11873.6;17909.9;2802.0;14642.0;2467.3;12803.6;2184.1;37.3;0.199;2452.67;1160.4199999999998;1292.25;1203.3400000000001;64.49000000000001;472.84999999999997;295.64000000000004;196.1;123.43999999999998;96.81;0
4620072.00;5.8;1.1;108.0;20.9;0.0;0.0;0.0;0.0;62.7;23.7;40094.4;17615.3;8269.0;3541.8;8481.3;3755.1;7760.1;3429.0;36.5;0.455;3743.04;2104.7300000000005;1638.3099999999995;1480.5999999999997;274.8;805.3200000000003;570.1600000000001;140.84;254.70000000000002;216.61999999999998;0
4620142.00;43.6;11.3;797.1;166.6;0.0;0.0;0.0;0.0;127.6;27.1;74409.5;9875.7;18862.0;2465.1;15262.9;2031.4;13132.5;1785.2;41.1;0.429;1604.4300000000007;730.11;874.3200000000002;573.96;59.41;430.38;356.31000000000006;52.7;55.06;76.61;0
4620283.01;0.0;0.0;0.0;0.0;1.3;0.3;114.9;30.3;63.2;11.3;32457.9;7307.4;8246.2;1842.4;6552.0;1489.1;5771.6;1303.1;43.4;0.336;2696.49;1359.1900000000003;1337.3000000000004;831.1800000000001;105.95;502.46999999999997;762.5899999999999;97.92999999999999;198.59999999999997;197.77;0
4620149.00;36.9;10.6;649.8;178.7;0.0;0.0;0.0;0.0;140.5;36.0;78225.6;20210.4;19854.8;5570.9;15478.3;3921.2;13845.0;3388.7;37.4;0.225;3813.15;2038.11;1775.0400000000002;1922.26;240.29000000000002;692.2299999999999;479.1599999999999;77.09;169.1;233.01999999999998;0
4620108.00;6.7;1.6;86.0;22.1;0.7;0.1;53.2;4.4;116.9;33.8;79975.1;21389.7;20067.0;5630.5;16181.4;4272.9;13610.8;3548.9;38.8;0.246;4387.52;2101.1;2286.42;1566.9200000000003;186.03;1554.23;749.5600000000002;53.040000000000006;157.68;103.41000000000001;16.65
4620007.00;0.0;0.0;0.0;0.0;0.0;0.0;0.0;0.0;77.4;18.3;73064.1;22097.6;17259.9;5213.0;14529.5;4364.4;13505.7;4113.7;40.4;0.266;5862.77;2674.579999999999;3188.1899999999987;2793.349999999999;500.0700000000001;1209.3099999999997;930.8500000000001;44.73;127.8;256.66;0
4620264.01;2.7;0.4;28.4;1.8;0.1;0.0;0.5;0.0;64.4;13.4;29710.8;5336.9;8900.0;1547.8;5389.9;969.1;4849.7;889.3;46.8;0.304;6711.299999999994;3178.569999999998;3532.7300000000014;2260.4600000000005;267.90999999999997;1333.07;2288.34;21.25;200.46999999999997;339.80000000000007;0
4620217.00;28.9;9.0;472.1;148.8;0.0;0.0;1.1;0.0;120.3;26.8;78550.4;22084.4;20040.6;5787.3;16204.1;4762.5;14010.9;3844.9;35.0;0.293;3193.31;1794.5900000000004;1398.72;1598.49;141.77999999999997;551.3;427.5999999999999;74.88;277.33;121.92999999999998;0
4620202.00;14.5;3.4;245.1;49.2;0.0;0.0;0.0;0.0;96.0;23.4;69454.9;18687.7;17740.5;4887.7;13942.8;3753.8;11885.2;3130.0;43.1;0.406;2812.07;1218.4599999999996;1593.6100000000001;1362.3499999999997;100.61;324.05999999999995;619.2400000000001;65.4;119.83999999999999;220.57000000000002;0
4620138.00;35.3;11.7;609.8;233.4;0.0;0.0;0.0;0.0;105.1;25.2;81154.3;22467.4;20315.8;5478.8;16636.6;4680.4;14519.2;4048.4;38.3;0.185;1664.2299999999998;761.23;903.0000000000001;770.5600000000001;183.91;358.02;191.0;59.74;24.19;76.81;0
4620222.00;3.9;0.5;58.9;7.5;0.9;0.0;22.9;0.0;81.9;20.3;51877.0;14920.6;12810.1;3855.2;10163.3;2920.1;9345.9;2615.0;36.3;0.484;2998.9300000000007;1479.78;1519.1499999999999;697.0099999999999;80.50999999999999;818.92;584.1700000000001;150.87;217.81;449.64000000000004;0
4620210.00;29.0;5.7;504.1;108.5;0.0;0.0;0.0;0.0;106.5;26.6;60912.1;13292.5;16392.9;3851.5;12227.4;2533.3;10564.1;2250.0;34.7;0.274;3584.490000000001;1849.0999999999997;1735.39;1750.8400000000001;101.29;960.72;378.48999999999995;106.43;115.77000000000001;170.95;0
4620194.00;0.0;0.0;0.0;0.0;0.0;0.0;0.0;0.0;62.1;17.2;51122.6;14926.3;11863.8;3426.9;10475.1;3091.9;9197.6;2665.8;41.5;0.234;5594.759999999999;2632.1;2962.6599999999994;2426.9600000000005;269.4;910.14;1403.9500000000003;22.81;221.62;339.87999999999994;0
4620148.00;38.6;10.5;717.3;164.3;0.0;0.0;0.0;0.0;141.8;36.2;78524.6;19443.7;19979.8;4726.7;15370.9;3871.9;13975.5;3502.6;35.1;0.248;1804.4099999999999;838.71;965.6999999999999;887.6799999999998;111.00999999999999;290.23999999999995;136.98000000000002;86.3;127.73999999999998;164.45999999999998;0
4620223.01;0.0;0.0;0.0;0.0;0.0;0.0;0.7;0.0;92.1;20.5;43307.3;16669.8;11740.1;4515.7;8214.7;3169.9;7304.1;2793.2;33.0;0.479;2838.309999999999;1480.1000000000001;1358.21;726.7900000000001;155.4;706.7100000000002;350.42999999999995;138.88;277.64000000000004;482.46000000000004;0
4620008.00;0.0;0.0;0.0;0.0;0.0;0.0;0.0;0.0;42.0;13.4;23008.7;6375.3;5317.5;1493.9;4484.9;1228.0;4401.5;1227.0;40.0;0.137;3086.819999999999;1553.6800000000003;1533.14;1542.4300000000003;83.85;617.7300000000001;551.83;44.349999999999994;128.3;118.32999999999998;0
4620355.00;8.1;1.9;100.0;14.1;0.0;0.0;0.0;0.0;77.0;15.8;74727.3;16133.8;18908.5;4304.2;15053.2;3225.8;12529.1;2699.7;39.6;0.117;875.2699999999999;422.9099999999999;452.36000000000007;325.88;54.02;196.16000000000003;141.66;0;47.0;110.55;0
4620123.00;8.4;2.6;170.7;52.6;0.0;0.0;3.5;0.0;86.9;22.7;73002.8;19324.3;18586.3;5018.4;14451.7;3750.8;12687.4;3322.4;34.0;0.351;6602.769999999999;3437.1999999999994;3165.5699999999997;2386.4199999999996;598.8000000000001;2167.0900000000006;463.34999999999997;341.46000000000004;271.23;339.63;34.79
4620104.00;9.1;3.2;110.7;41.3;0.1;0.0;8.3;0.0;108.2;28.6;79942.1;21158.8;20505.2;5444.7;16178.8;4265.2;13469.9;3515.8;38.3;0.231;3971.1200000000017;1838.7399999999993;2132.38;1546.0600000000006;472.5299999999999;947.8699999999998;533.7000000000002;22.55;245.45999999999998;202.95000000000002;0
4620126.00;7.8;2.1;176.2;52.9;0.0;0.0;0.0;0.0;62.0;20.5;54581.5;17960.8;14235.2;4639.0;10734.2;3559.7;9663.7;3197.4;34.2;0.182;2697.77;1397.3000000000002;1300.4700000000003;1121.18;145.57;1177.2;103.11999999999999;28.63;86.99;35.08;0
4620160.00;45.1;11.7;808.0;220.2;0.0;0.0;0.0;0.0;122.4;42.9;77147.6;29405.1;19198.6;7419.5;15935.4;5956.0;13808.7;5268.8;36.2;0.371;1761.03;786.2899999999997;974.74;1004.4299999999997;24.06;337.25999999999993;213.26;17.07;27.02;137.93;0
4620186.00;12.3;3.5;222.5;57.1;0.0;0.0;0.0;0.0;97.1;29.5;63998.8;17156.6;15752.9;4197.8;12510.3;3331.6;11054.8;3007.1;38.4;0.375;3347.7099999999996;1587.08;1760.6299999999999;1441.5099999999998;211.43;601.0600000000001;640.1400000000001;180.11;92.1;181.36;0
4620018.00;7.6;2.9;129.5;53.8;0.0;0.0;0.0;0.0;82.9;25.4;41373.8;12144.1;9498.7;2802.7;8316.3;2437.5;7403.7;2160.6;37.5;0.331;2107.26;1263.3100000000002;843.9499999999999;880.87;151.16000000000003;390.7;286.81000000000006;57.91;155.45000000000002;184.36;0
4620216.00;29.9;7.7;492.3;128.1;0.0;0.0;0.0;0.0;109.4;27.0;69085.3;22068.8;18652.4;5747.8;14096.2;4738.4;11994.7;3858.8;30.8;0.346;2743.0499999999997;1587.3200000000004;1155.7299999999998;1312.4099999999999;169.89999999999998;712.56;109.67;72.14;197.19;169.18;0
4620087.00;5.1;1.2;83.2;18.1;0.0;0.0;0.0;0.0;83.5;20.5;37833.1;8520.6;8232.5;1927.7;7545.8;1639.3;7351.6;1651.2;33.7;0.387;4004.409999999999;1818.9;2185.5099999999993;1436.7;176.52000000000004;1032.51;505.12000000000006;167.29;173.48;512.79;0
4620179.00;25.2;5.4;466.1;93.4;0.0;0.0;0.0;0.0;105.8;26.1;58071.2;13645.5;15295.3;3638.2;11248.9;2558.3;10265.0;2399.0;38.0;0.31;3961.8999999999965;2160.399999999999;1801.5000000000005;1984.5599999999995;311.69;699.4399999999997;436.94000000000005;137.57999999999998;164.49;227.20000000000002;0
4620032.00;22.9;5.2;387.4;85.5;0.0;0.0;0.0;0.0;118.3;36.4;73884.1;27086.2;17798.6;6674.7;14770.3;5391.7;13429.3;4884.5;36.0;0.32;1188.0199999999995;623.39;564.6300000000001;688.4699999999998;0;202.76;123.27000000000001;24.95;49.709999999999994;98.86;0
4620178.00;29.6;7.8;580.5;155.8;0.0;0.0;0.0;0.0;113.4;33.4;57692.9;16159.7;14369.2;3929.7;11127.0;3095.6;10491.8;2977.1;34.8;0.277;2277.76;1202.17;1075.59;1208.81;210.29000000000002;426.27000000000004;132.58;144.11;118.52;37.18;0
4620093.00;2.9;1.3;46.7;20.2;0.0;0.0;0.0;0.0;65.3;14.5;28181.4;5932.6;6014.6;1267.0;5671.1;1150.5;5498.6;1171.7;37.5;0.355;3482.429999999999;1822.590000000001;1659.8400000000001;1597.3100000000002;111.91000000000001;883.6700000000001;527.8299999999999;100.89;135.15;125.67;0
4620245.00;24.4;5.3;342.9;79.3;0.0;0.0;0.0;0.0;125.2;30.3;56220.4;11527.5;13233.5;2513.2;11465.3;2344.3;10226.4;2217.6;37.9;0.299;2685.33;1009.5799999999998;1675.7499999999998;1241.2499999999998;181.84;430.28999999999996;415.21;115.25999999999999;190.27;111.21000000000001;0
4620251.02;6.4;1.8;94.9;23.6;0.0;0.0;0.0;0.0;130.3;39.4;88453.5;29908.4;22197.0;7632.2;17547.3;5927.9;15246.7;5054.6;35.5;0.442;3389.830000000001;1704.0900000000004;1685.74;1270.17;210.83;941.12;353.4699999999999;95.67999999999999;238.65000000000003;279.90999999999997;0
4620098.00;0.7;0.2;6.6;2.0;0.5;0.2;39.2;12.0;72.9;20.8;51430.4;15995.2;12937.8;3993.7;10516.8;3280.7;9053.2;2831.0;38.2;0.265;6383.609999999999;3014.06;3369.549999999999;2669.750000000001;356.63;1753.3599999999997;974.3800000000005;49.33;262.71999999999997;317.44000000000005;0
4620176.00;33.5;10.6;641.1;228.5;0.0;0.0;0.0;0.0;114.1;29.5;60097.7;14380.7;15332.7;3530.9;11525.1;2752.0;10800.2;2621.8;36.5;0.175;1886.1;858.31;1027.79;1117.9799999999998;96.61;356.36;88.21;68.58;43.23;115.13000000000001;0
4620113.00;3.4;0.9;48.5;11.9;0.0;0.0;0.0;0.0;105.4;25.5;66730.7;16992.8;16567.4;4135.6;13285.0;3417.5;11858.0;3092.5;36.3;0.302;5543.580000000001;2506.5900000000006;3036.9900000000002;2313.1200000000003;314.99000000000007;1361.6099999999997;705.7099999999998;109.5;402.5600000000001;336.09;0
4620001.00;0.0;0.0;0.0;0.0;0.0;0.0;0.0;0.0;50.9;19.3;31981.8;12743.5;7474.3;2955.6;6260.1;2502.7;6011.2;2401.6;45.2;0.293;2334.2000000000003;1186.1700000000003;1148.0300000000002;932.26;188.19;288.26;608.9399999999999;70.43;70.5;175.62;0
4620195.01;2.1;0.4;56.3;15.6;0.0;0.0;0.0;0.0;89.7;25.0;59384.8;16578.8;15424.0;4454.4;12002.9;3332.7;10461.4;2911.2;46.7;0.315;4397.560000000002;1720.4899999999998;2677.070000000002;1674.3799999999997;158.83999999999997;830.8799999999998;1426.8999999999999;17.6;154.96;134.0;0
4620014.01;9.7;2.3;212.0;55.9;0.0;0.0;0.0;0.0;93.8;25.6;50822.4;13162.2;12062.5;3164.5;10130.5;2605.4;9078.4;2373.2;41.1;0.349;5436.960000000003;2819.4499999999994;2617.5099999999993;2189.1799999999994;186.74;920.9100000000002;1219.2299999999998;197.23999999999998;247.07999999999998;476.58000000000004;0
4620238.00;14.8;4.4;204.1;58.3;0.0;0.0;0.0;0.0;122.2;37.2;51469.1;14299.7;14417.6;3927.6;10103.5;2781.0;8556.3;2430.4;38.7;0.325;3063.55;1460.86;1602.6899999999994;1225.5099999999998;217.95;699.71;514.28;173.26999999999998;125.56;107.27000000000001;0
4620024.00;10.1;2.9;172.1;62.3;0.0;0.0;0.0;0.0;85.3;26.5;44586.9;10758.0;10056.9;2390.3;8936.4;2173.3;8210.6;2040.1;38.8;0.38;2493.7499999999995;1358.6800000000003;1135.0700000000002;1238.6600000000003;131.57;412.94000000000005;360.99;128.13;127.89;93.57000000000001;0
4620169.00;27.7;8.8;478.3;157.5;0.0;0.0;0.0;0.0;108.2;27.3;76672.0;17867.7;20534.9;5070.0;15555.0;3613.1;13286.7;2998.2;37.5;0.276;2215.3700000000003;1070.0900000000001;1145.2799999999997;1141.0199999999998;108.72;532.5500000000001;240.16;121.45000000000002;32.22;39.25;0
4620274.00;0.0;0.0;0.0;0.0;0.0;0.0;0.6;0.0;78.5;24.1;48033.5;14564.6;14077.3;4364.7;8766.6;2633.6;7625.3;2281.8;45.6;0.405;2952.6100000000006;1183.3200000000004;1769.2900000000002;1108.1500000000003;128.12;472.2800000000001;888.2400000000002;19.84;121.38999999999999;214.59;0
4620101.01;0.1;0.0;1.1;0.0;0.0;0.0;0.0;0.0;81.3;20.0;53248.5;13450.6;13589.1;3514.6;10732.3;2702.7;9414.5;2345.0;43.3;0.403;2945.9899999999984;1167.25;1778.7400000000002;868.4700000000001;153.60999999999999;700.7299999999999;761.9300000000004;76.84;156.85;227.56;0
4620157.00;42.7;12.3;789.7;238.6;0.0;0.0;0.0;0.0;131.1;34.0;69969.1;19403.7;17117.1;5012.4;13765.4;3740.3;12754.4;3450.1;38.7;0.28;2380.48;1026.74;1353.7399999999998;1313.3899999999996;105.83;329.90999999999997;320.21000000000004;66.3;118.43999999999998;126.4;0
4620128.00;9.9;1.9;159.7;34.3;0.0;0.0;0.0;0.0;90.4;23.9;85450.6;26024.6;20953.7;6387.1;17197.3;5222.4;14816.2;4499.0;44.9;0.236;3439.0200000000023;1548.6000000000001;1890.420000000001;1302.1200000000001;406.51;627.0;609.81;117.02000000000001;128.58;247.98000000000002;0
4620220.00;12.0;3.1;161.0;48.4;1.0;0.9;26.0;22.8;80.9;24.4;59387.4;18972.9;14664.8;4727.2;11944.8;3678.8;10741.3;3456.7;37.1;0.486;2293.99;1252.7599999999998;1041.2299999999998;711.6299999999999;140.03;548.58;227.64000000000001;215.52;72.04;378.54999999999995;0
4620259.00;0.0;0.0;0.0;0.0;0.7;0.4;11.5;5.8;54.4;14.1;30496.8;11322.3;9107.0;3423.8;5626.5;2076.0;4747.0;1713.3;31.3;0.413;3243.3600000000006;1737.8100000000004;1505.5500000000002;1073.9299999999998;154.75;818.5400000000001;272.25000000000006;185.54999999999998;306.30999999999995;432.0299999999999;0
4620184.00;15.6;4.0;281.6;67.6;0.0;0.0;0.0;0.0;99.5;26.5;65260.8;17049.5;16625.0;4109.7;12779.8;3350.4;11204.2;2903.5;39.6;0.319;2850.799999999999;1293.06;1557.7400000000002;1275.4700000000003;222.69000000000003;664.8900000000001;523.1299999999999;85.69999999999999;48.94;29.979999999999997;0
4620081.00;10.9;3.1;165.0;35.6;0.0;0.0;0.0;0.0;99.5;28.9;67248.8;20415.1;16165.3;4554.2;13573.2;4169.9;11842.0;3779.8;37.7;0.32;2230.8399999999992;1157.2699999999998;1073.57;1289.23;106.72;393.14;180.53;50.43;23.49;187.3;0
4620170.00;30.8;9.2;530.2;162.3;0.0;0.0;0.0;0.0;113.3;26.5;78514.7;16287.4;21001.2;4658.4;15938.7;3332.8;13606.9;2713.1;36.3;0.366;1839.890000000001;951.5700000000002;888.32;871.3300000000003;192.03;440.71;210.82;23.65;87.15;14.2;0
4620173.00;38.1;10.5;709.1;194.3;0.0;0.0;0.0;0.0;118.7;27.6;68049.4;15134.8;17726.6;3942.0;13610.4;3001.7;11980.3;2681.4;33.9;0.106;1644.11;737.48;906.6299999999999;1030.0800000000002;65.09;196.49;125.75999999999999;0;81.51;145.18;0
4620135.00;46.1;11.9;830.8;178.4;0.0;0.0;0.0;0.0;129.9;23.7;84027.2;13412.2;21156.3;3245.9;17257.1;2918.1;14936.7;2403.1;39.1;0.259;1496.4100000000012;1010.6800000000002;485.72999999999996;828.1200000000001;137.36999999999998;236.64;174.89;21.66;29.28;68.45;0
4620116.00;7.1;1.9;122.4;24.6;0.0;0.0;0.0;0.0;102.0;23.7;81265.6;17080.7;20344.7;4220.6;16190.6;3394.1;14267.5;2988.1;36.7;0.376;7528.919999999997;3458.4500000000007;4070.4700000000003;2742.9299999999994;459.81;1986.57;1059.44;393.68;363.59000000000003;522.9;0
4620249.00;13.6;3.4;192.5;53.0;0.0;0.0;0.0;0.0;131.5;33.2;68846.0;14766.2;16461.2;3147.5;13682.6;2989.0;12375.3;2838.9;42.9;0.315;8904.579999999998;4400.240000000003;4504.339999999999;3856.6099999999997;563.3100000000001;1829.02;2004.0200000000016;210.94;235.46000000000004;205.21999999999997;0
4620401.00;0.0;0.0;0.4;0.0;1.1;0.4;132.2;48.5;53.0;14.4;35463.7;12299.3;8210.1;2928.9;7107.7;2445.2;6272.6;2113.6;45.0;0.25;2964.6499999999983;1329.0599999999993;1635.5899999999988;1143.2599999999998;171.98;633.42;743.8000000000001;18.52;115.53;138.14000000000001;0
4620224.00;3.4;0.4;46.3;5.9;0.6;0.1;14.9;1.8;82.7;19.7;51153.4;16556.2;13355.3;4517.4;10061.0;3158.4;8812.0;2792.7;37.7;0.477;5382.57;2533.7900000000004;2848.779999999999;1751.7400000000002;91.58;1419.5900000000001;912.07;255.40000000000003;377.01;575.1800000000001;0
4620119.00;4.0;0.8;72.2;17.4;0.0;0.0;0.0;0.0;100.3;21.7;62470.0;13327.6;15017.9;3149.0;12496.0;2706.5;11185.9;2406.8;33.0;0.5;6033.269999999995;3075.920000000001;2957.3500000000004;1996.7399999999996;473.14000000000004;1760.1700000000012;518.2600000000001;228.94;276.08000000000004;779.94;0
4620253.00;2.0;1.1;26.7;15.4;0.0;0.0;0.0;0.0;139.0;32.5;96292.1;20161.2;25041.3;5466.5;18793.2;3855.4;16172.7;3379.4;37.1;0.367;3651.47;1675.1000000000001;1976.3700000000003;1253.6900000000005;278.05;1127.8299999999997;556.7499999999999;44.74;118.38;272.03000000000003;0
4620208.00;23.7;6.1;376.6;87.9;0.0;0.0;0.0;0.0;97.8;32.4;56318.7;20942.9;15079.4;5858.9;11109.0;4082.0;9836.8;3575.8;43.3;0.284;2629.67;1294.28;1335.3899999999999;1200.2299999999998;201.66;351.62999999999994;615.36;24.11;169.43;67.25;0
4620091.00;0.0;0.0;0.0;0.0;0.0;0.0;0.0;0.0;56.1;26.3;40109.9;22152.7;10082.2;5508.3;8019.8;4453.2;7336.0;4063.7;65.9;0.614;387.16999999999996;112.09;275.08000000000004;40.06;0;27.33;294.90999999999997;0;24.87;0;0
4620122.00;4.7;1.5;95.1;33.5;0.7;0.0;86.0;1.6;74.5;18.6;58338.5;14281.9;14534.4;3540.8;11529.1;2850.7;10138.2;2497.2;32.3;0.491;7511.509999999999;3817.099999999997;3694.409999999999;2560.849999999999;378.81000000000006;2369.959999999999;727.6800000000001;264.17999999999995;641.67;568.3599999999999;0
4620187.01;14.2;3.4;251.6;54.0;0.0;0.0;0.0;0.0;114.8;31.5;73393.4;20978.4;17638.1;4927.8;14574.9;4201.4;13030.8;3714.5;38.9;0.353;2961.64;1251.9000000000003;1709.739999999999;1132.76;183.33;623.4599999999999;543.5700000000002;160.52999999999997;146.28;171.70999999999998;0
4620188.02;10.1;2.8;190.6;54.7;0.0;0.0;0.0;0.0;93.4;24.6;65068.4;18715.0;15545.4;4480.9;12928.1;3729.3;11337.5;3261.5;39.1;0.302;3691.9400000000005;1743.1199999999997;1948.82;1618.0599999999995;259.24;615.6899999999999;650.5500000000001;91.61;296.14000000000004;160.65;0
4620187.02;13.2;3.0;234.6;52.3;0.0;0.0;0.0;0.0;109.7;26.9;69087.8;18452.0;16731.6;4568.4;13636.2;3637.2;12134.8;3190.7;40.9;0.288;12296.620000000003;5670.899999999995;6625.720000000002;6128.619999999995;380.4199999999999;2283.0099999999998;2292.1700000000005;244.85000000000002;549.7099999999999;417.8400000000001;0
4620085.00;7.0;1.1;118.1;16.3;0.0;0.0;0.0;0.0;89.0;18.7;37426.5;6375.6;8194.3;1462.1;7450.4;1219.3;7260.6;1231.4;35.2;0.518;1110.96;521.5300000000001;589.43;472.74999999999994;21.47;196.87999999999997;129.39;118.85;125.05;15.04;31.53
4620080.00;17.7;3.3;314.0;77.7;0.0;0.0;0.0;0.0;117.7;35.4;72544.4;20922.4;17376.8;4927.0;14664.4;4175.2;12869.7;3839.1;38.9;0.4;676.0500000000001;334.38000000000005;341.66999999999996;389.85;0;141.20999999999998;112.28;18.62;14.09;0;0
4620212.00;29.2;7.6;483.2;122.1;0.0;0.0;0.0;0.0;130.4;27.1;72859.4;15003.7;18604.3;4051.6;14819.6;3112.4;12999.5;2606.4;38.1;0.317;3257.4600000000014;1552.1299999999997;1705.3299999999997;1674.4399999999996;219.07999999999998;594.6299999999999;385.17999999999995;98.65;122.47;163.01;0
4620275.00;0.0;0.0;0.0;0.0;0.0;0.0;0.0;0.0;67.4;14.5;50767.0;11470.0;13397.2;3019.7;9668.2;2187.3;8464.3;1893.5;43.4;0.276;4506.31;2240.5399999999995;2265.77;1818.0499999999988;92.60000000000001;759.93;1152.1800000000005;156.24;212.01999999999998;315.29;0
4620147.00;43.7;11.3;803.0;195.0;0.0;0.0;0.0;0.0;135.7;35.1;74634.1;18481.8;19213.6;4519.5;14619.2;3652.5;13210.5;3328.8;39.9;0.173;2367.9900000000007;1145.2000000000003;1222.7899999999995;1262.1500000000003;312.59000000000003;384.99;259.41;25.19;76.78999999999999;46.870000000000005;0
4620257.00;0.1;0.0;1.8;0.0;0.0;0.0;0.0;0.0;54.6;14.1;39920.0;10964.4;11324.6;3209.8;7440.0;2020.6;6306.1;1671.9;36.6;0.439;3596.9999999999995;1582.24;2014.7600000000004;1017.2299999999999;130.02;947.9599999999999;585.09;225.70999999999998;269.77000000000004;421.22;0
4620233.00;25.6;8.0;363.0;116.4;0.0;0.0;0.4;0.0;112.5;31.2;55817.2;14973.9;13092.9;3370.7;11769.7;3155.3;10137.4;2816.0;36.0;0.244;1529.2599999999998;743.9800000000001;785.2799999999999;968.94;61.269999999999996;268.46;93.22;79.86;20.6;36.91;0
4620195.02;0.6;0.0;20.9;1.1;0.0;0.0;0.0;0.0;76.1;19.3;55018.3;14065.3;14384.7;3841.1;11141.5;2855.5;9572.4;2402.7;43.6;0.283;6092.279999999997;2884.5800000000004;3207.7000000000003;2323.0399999999995;410.66;1167.0399999999997;1563.9300000000005;153.63;252.1;221.88000000000002;0
4620360.00;10.3;2.5;190.8;47.7;0.0;0.0;0.0;0.0;52.2;12.3;45657.2;13904.9;11762.6;3603.1;9099.5;2754.0;8117.5;2464.5;42.1;0.025;621.1699999999998;321.15999999999997;300.01;303.64;35.37;127.88999999999999;70.33;0;30.589999999999996;53.35;0
4620353.00;4.9;1.3;48.3;14.6;0.6;0.0;51.3;1.5;87.7;18.6;65806.2;16052.8;16624.6;4296.0;13288.7;3219.7;11111.2;2649.6;39.4;0.119;5116.820000000001;2462.02;2654.799999999999;1863.0899999999995;391.19;1662.6699999999992;758.6;89.06;155.62;196.59000000000003;0
4620079.00;11.5;3.2;216.0;67.3;0.0;0.0;0.0;0.0;105.4;30.9;53518.7;15975.2;12347.2;3665.2;10786.7;3225.0;9890.1;3007.1;36.3;0.308;4503.439999999998;2068.8200000000006;2434.6199999999994;1855.4199999999998;284.83;1061.98;478.02;156.99;192.19;474.01;0
4620363.00;21.2;4.4;378.0;82.9;0.0;0.0;0.0;0.0;83.9;20.2;65102.2;16191.0;17367.4;4404.6;13013.7;3129.2;11361.3;2812.0;39.8;0.341;4242.63;1840.5799999999997;2402.0499999999993;1230.38;190.32;1196.9199999999996;1013.9699999999998;20.12;286.35;304.57;0
4620010.00;1.4;0.5;25.2;8.8;0.0;0.0;0.0;0.0;62.4;22.6;24034.4;8545.1;5949.2;2103.6;4713.4;1673.3;4399.2;1585.4;39.6;0.267;1389.23;717.77;671.4599999999999;572.9000000000001;30.58;322.65000000000003;225.36999999999998;45.67;93.56;98.49999999999999;0
4620166.00;23.7;3.9;382.0;38.8;1.0;0.0;26.0;0.0;95.9;17.3;73196.2;16513.2;18748.4;4683.1;14872.8;3259.6;13076.4;2806.7;27.2;0.204;363.94000000000005;209.58999999999997;154.35;152.86;0;133.14;0;77.94;0;0;0
4620264.02;4.4;0.9;55.6;13.1;0.0;0.0;0.0;0.0;79.0;18.2;31271.4;6262.0;8921.2;2003.9;5774.7;1091.2;5265.1;1012.8;44.4;0.178;4534.39;2040.7000000000003;2493.690000000002;2039.1999999999996;162.97;830.0499999999998;1120.39;25.36;151.82;204.6;0
4620120.00;0.0;0.0;0.0;0.0;0.0;0.0;0.0;0.0;71.9;18.3;32185.5;7012.3;7407.7;1533.7;6455.5;1430.4;5967.9;1342.8;40.1;0.247;2922.1399999999994;1282.09;1640.0500000000002;1180.01;160.39;751.5000000000001;509.25000000000006;32.45;76.36;212.18;0
4620035.00;27.4;8.6;453.9;141.0;0.0;0.0;0.0;0.0;130.9;38.7;81294.7;27014.3;19836.9;6647.7;16197.4;5402.2;14709.4;4862.6;39.9;0.286;1547.5399999999995;805.3299999999998;742.2099999999999;741.8499999999999;127.9;312.26;235.35999999999999;34.29;23.96;71.92;0
4620191.00;1.4;0.4;23.1;6.9;0.0;0.0;0.0;0.0;78.6;16.5;51661.1;12553.0;13442.5;3265.8;10272.8;2476.6;8989.9;2167.6;45.0;0.305;5655.109999999999;2631.9300000000003;3023.1800000000003;1781.1399999999996;248.55;1446.9899999999993;1598.8100000000006;99.09;149.87;330.65999999999997;0
4620283.02;0.0;0.0;0.0;0.0;0.7;0.0;75.8;0.0;61.3;18.1;31605.7;9812.6;8113.8;2422.4;6372.2;2026.4;5525.8;1756.2;43.8;0.168;2377.8900000000003;1059.03;1318.8600000000001;921.3000000000002;48.010000000000005;562.49;661.3700000000001;0;32.94;151.77999999999997;0
4620284.00;0.0;0.0;0.0;0.0;0.0;0.0;0.0;0.0;52.9;16.3;29108.0;10007.6;7859.9;2724.0;5647.8;1909.6;4880.3;1665.2;44.7;0.273;3576.070000000002;1717.9899999999998;1858.0800000000002;1344.4200000000003;114.01;550.5899999999999;886.3800000000005;159.59;146.14999999999998;374.93;0
4620206.00;20.5;6.6;311.2;94.8;0.0;0.0;0.0;0.0;113.7;24.9;65133.3;14311.5;16171.0;3449.4;13133.8;2964.7;11668.0;2622.4;37.0;0.177;3946.819999999999;1963.8899999999996;1982.9299999999998;2222.4199999999996;64.57;1000.6799999999996;369.18000000000006;31.37;97.37;161.23;0
4620383.01;0.0;0.0;0.0;0.0;0.0;0.0;0.0;0.0;46.6;14.5;26032.0;8956.8;6863.1;2369.2;4954.6;1690.4;4708.1;1632.4;40.4;0.204;3171.0200000000027;1374.9400000000005;1796.08;1069.7700000000002;184.64999999999998;926.7199999999999;634.5599999999998;69.32;139.17;146.82999999999998;0
4620280.00;0.5;0.0;8.6;0.0;0.9;0.2;21.9;5.5;88.1;22.4;64084.1;16350.8;17516.1;4497.1;12390.4;3155.5;10815.1;2784.4;39.4;0.34;5410.749999999998;2547.8699999999994;2862.8800000000006;1906.2300000000005;256.42999999999995;1252.73;1090.1600000000003;132.98999999999998;337.9399999999999;434.27;0
4620030.00;12.7;4.2;248.4;75.1;0.0;0.0;0.0;0.0;108.9;33.3;68619.3;22523.8;16048.5;5247.7;13739.7;4500.2;12104.1;3976.1;37.4;0.309;3798.100000000001;2097.93;1700.1699999999998;1992.2599999999998;302.40999999999997;551.4399999999999;505.0599999999999;55.04;149.98000000000002;241.90999999999997;0
4620084.00;5.3;1.4;93.3;25.4;0.4;0.0;28.6;0.0;94.1;22.5;52560.2;13862.0;11605.1;2970.6;10578.3;2838.8;10035.0;2684.2;33.0;0.481;1744.03;921.9100000000001;822.1199999999999;499.40999999999997;61.78;628.9;266.12;72.97;118.83;96.02000000000001;0
4620269.00;1.1;0.0;16.2;0.0;1.8;0.0;32.9;0.0;99.1;25.2;66776.0;15020.5;18532.0;4035.8;12909.8;2856.5;11245.8;2568.8;40.0;0.359;3806.490000000001;1896.0299999999995;1910.4600000000003;1321.8200000000002;264.40999999999997;1085.1099999999997;704.63;129.93;109.83999999999999;190.75;0
4620074.00;8.1;3.1;149.3;59.8;0.0;0.0;0.0;0.0;93.5;23.4;52517.4;15749.3;10850.7;3214.8;10990.8;3338.7;10202.4;3055.0;36.1;0.276;3638.1199999999994;1833.3099999999995;1804.8099999999995;1359.4399999999996;170.87999999999997;1071.8500000000001;357.99;165.10999999999999;144.1;368.74999999999994;0
4620144.00;43.7;10.5;772.3;202.0;0.0;0.0;0.0;0.0;132.9;35.5;69492.0;14972.4;17958.6;4290.3;14075.0;2979.9;12157.9;2482.8;40.9;0.205;3117.1500000000015;1780.710000000001;1336.44;1631.0900000000008;282.45;414.41999999999996;357.28000000000003;129.14;147.12;155.65;0
4620171.00;37.5;9.5;676.9;148.9;0.0;0.0;0.0;0.0;123.9;32.7;83756.8;19109.3;21928.6;5167.9;17038.1;4047.9;14661.2;3245.0;41.9;0.411;5148.9400000000005;2575.190000000001;2573.749999999999;2604.4600000000014;243.76;829.3100000000002;856.9399999999999;127.35;140.83;346.2900000000001;0
4620205.00;22.3;6.0;354.3;89.1;0.0;0.0;0.0;0.0;94.9;29.3;57393.1;18307.7;15213.6;4941.6;11360.3;3628.7;10024.3;3200.4;40.0;0.258;3405.429999999998;1834.4000000000003;1571.03;1691.2199999999991;145.84;637.48;491.85000000000014;84.29;201.91000000000003;152.84;0
4620247.00;27.4;6.4;426.1;87.7;0.0;0.0;0.0;0.0;126.3;34.6;62817.7;14293.2;14871.4;3024.9;12938.9;2935.2;11581.9;2768.3;35.6;0.181;2670.9700000000003;1362.9099999999996;1308.0599999999995;1458.3799999999992;170.55;572.4000000000001;188.45;73.06;127.94;80.19;0
4620088.00;4.7;1.9;75.1;32.0;0.0;0.0;0.0;0.0;78.5;22.2;33485.7;9122.6;7368.8;1987.5;6621.4;1792.7;6498.5;1780.8;39.1;0.384;3338.55;1322.78;2015.7699999999993;1142.8299999999997;150.59;803.1700000000001;732.4600000000002;43.7;127.34999999999998;338.45;0
4620026.00;12.9;3.3;232.6;58.7;0.0;0.0;0.0;0.0;119.6;30.8;65951.8;16810.1;15195.8;3853.8;13192.6;3374.6;11778.7;2974.3;41.7;0.481;2078.8600000000006;1033.99;1044.8700000000001;993.7599999999999;247.74;276.59;362.19999999999993;23.0;0;175.57;0
4620362.00;13.8;3.6;249.1;60.4;0.0;0.0;0.0;0.0;76.8;19.1;61048.9;16094.8;16005.0;4110.9;12011.7;3205.7;10852.3;2883.2;38.2;0.254;2122.560000000001;999.35;1123.2099999999998;872.2;41.0;720.97;266.57;52.2;59.0;110.61999999999999;0
4620114.00;3.3;0.3;46.5;4.8;0.0;0.0;0.0;0.0;100.9;22.2;64069.5;14892.4;15535.2;3529.3;12955.6;3035.6;11405.1;2738.5;41.8;0.152;1760.4700000000003;771.0600000000002;989.4099999999997;656.97;186.93;307.94;288.86000000000007;24.18;158.28000000000003;137.31;0
4620115.02;2.7;0.4;59.6;10.2;0.0;0.0;0.0;0.0;62.5;22.3;60847.9;22535.7;14531.7;5165.6;12264.3;4535.2;10735.7;4038.4;45.8;0.338;5282.8099999999995;2050.4900000000002;3232.320000000004;1887.3199999999993;357.31;1127.8000000000004;1353.680000000001;143.74999999999997;91.35;321.6;0
4620228.00;17.6;6.0;233.0;79.0;0.4;0.0;9.5;0.0;101.4;24.5;44931.1;13653.0;11942.5;3610.6;9279.2;2943.6;7562.6;2217.9;35.7;0.197;1841.7799999999995;728.81;1112.9700000000003;760.7900000000001;149.6;420.2800000000001;111.56;133.05;132.72000000000003;133.78;0
4620003.00;0.0;0.0;0.0;0.0;0.0;0.0;0.0;0.0;65.4;12.7;51086.3;10215.1;11974.1;2464.7;10185.1;1999.7;9416.5;1887.3;40.2;0.268;6204.34;2809.5499999999997;3394.7900000000013;2693.329999999999;234.51000000000002;1217.0999999999995;1280.7399999999998;309.36;257.53999999999996;211.76000000000002;0
4620112.02;3.9;1.2;59.5;12.3;0.0;0.0;0.0;0.0;110.1;31.4;62986.4;15567.3;15691.7;3895.7;12395.6;2976.4;11405.1;2892.9;45.1;0.626;3025.010000000001;1239.7700000000002;1785.2400000000007;950.75;228.5;483.29999999999995;855.7899999999997;258.75;89.23;158.69;0
4620218.00;28.2;10.4;432.9;157.7;0.6;0.0;15.6;0.0;115.4;28.3;73366.2;20032.1;18175.4;4855.2;15349.4;4313.6;13228.5;3621.0;39.1;0.354;2622.940000000001;1301.09;1321.85;1170.0099999999998;214.48000000000002;426.27;438.21999999999997;52.03;72.89;249.03999999999996;0
4620204.00;20.7;5.3;323.5;90.5;0.0;0.0;0.0;0.0;98.5;24.4;63024.8;14818.5;16360.5;4038.2;12508.9;2934.6;10931.0;2566.5;39.7;0.293;2316.02;1061.8300000000002;1254.1900000000003;1130.1600000000003;64.24;477.23;366.19;17.52;92.44;168.24;0
4620211.00;27.5;6.9;464.6;118.2;0.0;0.0;0.0;0.0;111.0;29.8;64131.0;16806.1;17117.4;4743.5;12965.5;3396.9;11172.0;2865.6;35.0;0.247;2510.4800000000005;1311.4100000000003;1199.0699999999995;1246.0199999999998;163.38;616.68;266.26;0;120.13999999999999;98.0;0
4620075.00;11.7;3.7;229.9;67.2;0.0;0.0;0.0;0.0;102.8;26.6;53147.0;14990.9;11128.4;3075.8;11068.4;3171.4;10292.3;2910.3;36.0;0.445;1776.3000000000002;822.4999999999999;953.8000000000001;834.17;86.06;395.15;182.70999999999998;75.88;50.78;151.55;0
4620402.00;0.0;0.0;0.0;0.0;0.0;0.0;0.0;0.0;62.7;14.2;30463.9;6028.3;6936.1;1300.6;6024.8;1207.3;5615.0;1148.4;42.2;0.128;904.6300000000002;458.78999999999996;445.8400000000001;419.78;41.53;248.19999999999996;122.51;22.13;0;50.480000000000004;0
4620017.00;7.2;2.8;138.3;53.7;0.0;0.0;0.0;0.0;85.4;25.5;42365.6;9046.0;9777.3;2044.7;8497.2;1821.0;7598.7;1708.4;33.1;0.224;2807.8499999999995;1611.69;1196.16;1341.8100000000002;163.27;584.6;191.16000000000003;47.83;335.07;144.11;0
4620262.00;0.0;0.0;0.0;0.0;0.0;0.0;0.0;0.0;34.3;5.8;25000.5;6460.4;7953.7;1920.2;4418.8;1180.8;3721.4;975.9;34.5;0.42;3369.830000000002;1598.9099999999999;1770.9199999999998;970.6199999999999;200.57;945.35;549.29;44.09;346.73;313.17999999999995;0
4620193.00;0.0;0.0;0.0;0.0;0.0;0.0;0.0;0.0;80.2;24.2;71821.2;26633.8;16801.8;6059.6;14661.9;5584.7;12955.7;4722.7;43.4;0.27;2148.730000000001;1028.4;1120.3300000000002;720.99;49.92;494.42;663.5600000000001;34.83;123.47;61.53999999999999;0
4620244.00;21.5;4.9;301.3;64.4;0.0;0.0;0.0;0.0;134.2;23.4;59061.9;8200.0;13704.0;1900.7;11881.0;1611.6;10854.5;1531.1;33.7;0.362;2613.3700000000003;1123.95;1489.4199999999996;1247.9899999999996;113.79;527.41;313.56;25.58;157.87;227.17000000000002;0
4620163.00;30.7;10.3;561.3;192.9;0.0;0.0;0.0;0.0;106.9;36.9;81674.1;32954.2;21113.2;8460.4;16714.6;6713.9;14359.7;5804.1;35.5;0.226;3281.359999999999;1865.3600000000004;1415.9999999999995;1613.58;286.71;641.8399999999998;257.61;178.17;107.18;196.27;0
4620271.00;5.3;1.4;62.8;10.8;0.6;0.0;4.5;0.0;96.8;25.0;61672.4;15165.2;17660.8;4324.2;11577.9;2803.8;10236.3;2520.5;41.0;0.241;3396.6999999999994;1649.9599999999994;1746.74;1467.86;114.04999999999998;557.8800000000001;769.5800000000003;154.97;143.79000000000002;188.57;0
4620403.00;0.0;0.0;0.0;0.0;0.9;0.3;106.1;32.8;55.5;12.4;30451.3;6813.1;7158.8;1586.4;5961.8;1334.3;5433.5;1217.6;38.1;0.131;6105.979999999998;2971.0899999999992;3134.8899999999994;2247.430000000002;402.44;1731.4999999999995;922.5500000000002;77.99000000000001;317.19;406.87999999999994;0
4620232.00;26.2;7.5;376.5;108.0;0.9;0.2;24.4;4.1;104.2;31.1;59775.4;19102.5;14399.5;4358.5;12543.4;4108.6;10820.0;3542.8;38.0;0.154;3824.03;1876.1700000000003;1947.8599999999997;1855.2900000000002;212.97999999999996;886.17;474.29999999999995;140.87;154.59;99.83;0
4620095.00;5.3;1.3;66.7;21.4;1.0;1.0;80.0;78.3;100.7;34.8;76548.4;30434.0;19113.9;7620.5;15519.6;6220.0;13046.4;5123.9;39.2;0.386;1219.7700000000002;590.57;629.2;494.71999999999986;98.12;337.7900000000001;141.07000000000002;50.85;0;97.22;0
4620102.00;4.6;1.1;61.8;15.8;0.0;0.0;0.0;0.0;109.7;23.2;73128.5;15117.9;18401.7;3731.8;14817.5;3073.7;12723.3;2692.5;42.1;0.272;4837.219999999999;2121.74;2715.480000000002;2224.2100000000014;294.28000000000003;1026.9;817.0500000000003;176.57999999999998;81.03;217.16999999999996;0
4620177.00;31.0;9.2;602.9;180.9;0.0;0.0;0.0;0.0;114.1;31.7;58877.5;15447.5;14795.2;3803.5;11329.1;2950.8;10662.7;2822.9;34.8;0.197;1738.5900000000004;962.28;776.31;1012.65;176.16;246.93;103.76;76.42;66.87;55.800000000000004;0
4620258.00;0.0;0.0;0.0;0.0;0.0;0.0;0.0;0.0;73.3;22.2;42929.4;15410.0;12002.9;4283.5;8104.9;2896.9;6999.7;2488.3;29.1;0.453;3396.1400000000003;1577.8599999999997;1818.2800000000004;1014.05;26.92;1176.11;185.82999999999998;276.96;325.32000000000005;390.95;0
4620364.00;18.9;4.4;318.3;83.0;0.0;0.0;0.0;0.0;80.0;26.5;59459.5;17369.9;15961.3;4704.7;11833.9;3340.9;10427.6;3069.1;27.8;0.304;3596.220000000001;1730.0499999999997;1866.1699999999998;1170.1299999999994;185.3;1177.67;219.98000000000002;114.00999999999999;487.31999999999994;241.81;0
4620287.01;0.0;0.0;0.0;0.0;0.4;0.2;44.4;17.7;71.1;27.9;45161.0;18423.8;11539.0;4702.4;9040.4;3677.5;7724.2;3132.5;35.3;0.362;5862.560000000002;2981.5199999999986;2881.039999999998;2173.95;414.2;1528.1699999999998;721.69;272.34;396.2299999999999;355.98;0
4620073.00;9.5;3.2;166.4;60.1;0.0;0.0;0.0;0.0;75.7;29.5;45343.2;18385.3;9381.5;3714.2;9590.5;3908.1;8769.7;3576.8;43.1;0.315;1001.0100000000001;446.56;554.45;432.30000000000007;56.78;173.13;177.21000000000004;99.34;26.93;35.32;0
4620231.00;22.4;7.1;319.7;84.2;0.9;0.0;23.4;0.0;107.4;20.1;56432.6;11399.7;13450.7;2844.2;11849.3;2561.3;10133.4;1998.0;39.7;0.299;2123.3599999999997;1016.7;1106.6599999999999;931.65;72.5;440.39000000000004;407.4500000000001;128.61;91.60000000000001;51.160000000000004;0
4620016.00;5.4;1.5;106.6;29.0;0.0;0.0;0.0;0.0;53.3;21.5;24337.7;7744.3;5517.2;1699.7;4913.4;1577.8;4442.6;1468.4;31.8;0.253;2007.9899999999998;1084.4599999999998;923.5300000000002;842.0099999999999;48.68;536.76;162.57;99.02000000000001;200.06;118.89000000000001;0
4620136.00;44.7;12.8;786.8;199.4;0.0;0.0;0.0;0.0;125.3;24.2;86403.6;15611.2;21895.7;3712.9;17659.7;3406.3;15330.4;2823.1;35.1;0.274;2491.18;1230.57;1260.61;1069.2100000000003;159.93;782.98;221.89;99.39000000000001;46.86;110.91999999999999;0
4620153.00;25.8;4.8;400.5;101.7;0.0;0.0;0.0;0.0;123.5;39.6;73477.1;28629.2;17960.2;7151.5;14650.1;5699.0;13308.3;5118.7;29.2;0.44;831.4999999999999;312.29;519.2099999999999;290.86;88.05000000000001;288.82000000000005;36.24;54.78;48.38;24.37;0
4620013.00;3.7;1.4;64.6;26.0;0.0;0.0;0.0;0.0;89.1;28.8;36948.5;10931.1;9160.9;2720.6;7256.4;2143.1;6694.5;1985.3;43.1;0.317;5191.739999999999;2213.669999999999;2978.070000000002;2314.82;186.03000000000003;838.57;1168.5800000000002;98.3;209.22000000000003;376.21999999999997;0
4620048.00;33.8;8.9;601.1;155.6;0.0;0.0;0.0;0.0;144.7;34.6;79694.6;20264.1;19707.2;5450.3;15772.4;3978.9;14321.0;3453.5;36.0;0.288;2225.9199999999996;1209.8400000000004;1016.0800000000003;1132.9600000000003;243.22000000000003;375.93000000000006;145.68;60.06;75.92999999999999;192.14;0
4620254.00;2.6;0.2;42.4;3.4;0.0;0.0;0.0;0.0;107.1;32.9;83534.1;26484.6;21283.1;6631.4;16693.4;5289.4;14162.6;4511.7;34.8;0.445;3657.6600000000008;1843.2299999999996;1814.4299999999998;1154.9699999999998;288.70000000000005;1003.64;395.76;143.45;230.87999999999997;440.26000000000005;0
4620380.00;0.0;0.0;0.0;0.0;0.0;0.0;0.0;0.0;73.3;17.5;46143.8;10092.8;12001.4;2643.3;9073.6;1974.1;8211.4;1787.6;44.2;0.264;4619.520000000003;1884.4600000000007;2735.060000000001;1404.1900000000003;135.6;1367.0500000000004;1210.1799999999998;80.82;160.75;260.93;0
4620068.00;29.1;6.4;466.4;88.7;1.2;0.4;106.7;32.4;125.7;19.3;81381.7;12287.4;19952.2;2927.0;16248.1;2490.3;14557.0;2217.0;35.0;0.461;1082.3200000000002;582.29;500.03000000000003;241.39;77.5;359.77000000000004;114.39999999999999;69.16;53.769999999999996;166.33;0
4620350.00;13.0;2.5;187.6;24.9;0.0;0.0;3.0;0.0;104.3;22.3;79592.5;16326.8;19534.0;4073.7;16084.5;3305.3;13833.9;2659.4;42.0;0.348;2688.0200000000004;1090.1;1597.9199999999998;873.9499999999998;237.93;564.0100000000001;572.8799999999999;144.5;178.70999999999998;116.04000000000002;0
4620038.00;16.4;5.9;255.0;88.1;0.0;0.0;0.0;0.0;91.1;33.2;54095.4;20399.4;12113.6;4413.5;10888.6;4148.8;10211.4;3916.9;41.5;0.427;1693.5199999999998;871.0300000000002;822.49;778.33;93.13;262.81;218.83;154.57;0;185.85;0
4620159.00;44.6;12.7;806.9;245.4;0.0;0.0;0.0;0.0;126.7;40.4;75114.3;26449.7;18737.4;6639.6;15242.4;5285.9;13460.2;4777.0;35.6;0.16;2426.7800000000007;1302.210000000001;1124.5700000000004;1353.5000000000007;40.93;507.79;246.26;99.34;89.71;89.25;0
4620366.00;11.6;3.8;207.6;59.7;0.0;0.0;0.0;0.0;79.2;25.9;60167.6;17845.1;15432.9;4547.5;11861.1;3517.8;10842.9;3243.8;39.9;0.177;2566.2900000000013;1066.3200000000002;1499.97;1056.5900000000001;171.67000000000002;867.8799999999998;348.45;0;35.95;85.75;0
4620267.00;1.7;0.0;23.7;0.0;1.2;0.1;24.3;1.6;102.6;26.4;52273.9;11597.9;15310.5;3401.0;10031.3;2219.6;8501.9;1879.8;41.1;0.354;5644.209999999995;2769.289999999999;2874.920000000001;2190.7599999999998;273.31;1101.73;1314.8300000000006;147.31;221.72999999999996;394.53999999999996;0
4620367.00;9.0;2.6;141.9;39.2;0.2;0.0;24.5;0.0;92.1;23.6;60568.7;14473.6;14718.8;3617.3;12034.0;2857.2;11210.5;2666.4;42.3;0.265;5142.510000000001;2421.810000000001;2720.7000000000003;2170.879999999999;249.71000000000004;1238.5699999999997;1161.4799999999996;35.68;203.58;82.61;0
4620096.00;7.5;2.5;93.7;24.1;0.7;0.0;58.7;1.1;94.7;25.2;77846.3;22268.9;19821.4;5744.4;15825.5;4558.0;13152.9;3684.4;33.0;0.315;2523.5899999999997;1268.8000000000002;1254.79;1151.8300000000002;163.82;710.8400000000001;148.69;72.74;108.57000000000001;167.1;0
4620278.00;4.5;1.3;55.0;8.5;0.0;0.0;0.3;0.0;84.8;25.1;62122.7;17892.5;17717.5;5137.0;11738.9;3346.3;10304.8;2971.3;40.6;0.198;5146.2699999999995;2653.59;2492.6800000000003;2094.7799999999997;183.61999999999998;1254.0299999999997;1107.8100000000004;153.51;144.51999999999998;208.0;0
4620033.00;21.5;5.7;354.9;80.2;0.0;0.0;0.0;0.0;115.1;33.1;71384.1;24535.4;17067.3;5878.7;14284.7;4894.0;13060.5;4499.7;32.9;0.497;2410.349999999999;1341.8599999999997;1068.49;1130.9400000000003;139.67;583.9;197.87;165.16;87.86;104.95;0
4620196.00;4.4;0.9;97.3;21.1;0.0;0.0;0.0;0.0;80.9;25.1;51875.7;17216.4;14148.7;4815.2;10308.3;3410.3;9001.8;2948.2;38.5;0.292;3505.5699999999993;1663.9999999999995;1841.5700000000004;1522.8499999999997;111.96000000000001;944.2099999999999;514.6300000000001;103.28;130.67000000000002;177.97;0
4620156.00;37.2;9.9;707.6;176.1;0.0;0.0;0.0;0.0;129.6;39.3;66269.9;21820.3;16094.4;5480.6;12960.0;4232.0;12143.7;3934.1;35.7;0.312;1913.63;847.0300000000001;1066.5999999999997;1092.8799999999999;60.410000000000004;311.74999999999994;129.23;64.33;69.9;185.13;0
4620265.00;5.6;1.6;66.5;20.3;0.9;0.3;6.9;2.4;110.5;28.5;56141.0;13468.9;16035.8;3798.4;10810.9;2607.4;9386.5;2278.2;35.8;0.223;5062.61;2568.749999999999;2493.860000000001;2139.56;231.6;1209.18;712.5800000000002;108.07;399.0099999999999;262.61;0
4620382.01;0.0;0.0;0.0;0.0;0.0;0.0;0.0;0.0;76.5;20.2;40406.4;12033.1;10502.8;3072.4;7755.5;2304.7;7338.8;2215.8;52.9;0.263;2691.929999999999;1119.8300000000004;1572.0999999999995;669.2699999999999;143.23;425.46;1166.44;86.94999999999999;84.16999999999999;116.41;0
4620189.00;7.0;1.0;146.0;14.0;0.0;0.0;0.0;0.0;76.0;17.0;51950.0;13070.0;12478.0;3253.0;10307.0;2549.0;9048.0;2249.0;28.3;0.0;54.43;23.06;31.37;23.06;0;31.37;0;0;0;0;0
4620240.00;11.0;2.6;148.3;28.5;0.0;0.0;0.0;0.0;113.2;36.7;49453.8;18334.8;12370.3;4737.1;9537.6;3515.7;8743.1;3125.3;40.4;0.453;3289.4500000000003;1344.3899999999999;1945.0599999999995;1154.8599999999997;186.54;668.9200000000001;687.9399999999997;99.94999999999999;208.21000000000004;283.03;0
4620023.00;7.1;1.8;117.2;46.4;0.0;0.0;0.0;0.0;60.8;21.1;29406.8;8281.5;6514.5;1834.7;5929.7;1671.1;5556.8;1571.2;36.5;0.306;1482.0699999999997;651.3099999999998;830.76;644.2900000000001;24.64;414.86999999999995;171.52;0;74.44;152.31;0
4620150.00;30.9;10.9;533.4;182.6;0.0;0.0;0.0;0.0;135.3;38.3;81918.1;22794.5;20497.2;5931.2;16255.4;4512.8;14617.5;3962.8;33.0;0.347;2056.45;1340.93;715.5200000000001;1117.33;183.27999999999997;423.44999999999993;125.64000000000001;27.64;149.69;29.42;0
4620034.00;17.7;4.4;293.7;59.2;0.0;0.0;0.0;0.0;109.6;24.3;68026.1;17112.4;15948.9;3714.3;13655.2;3455.8;12572.5;3298.5;36.6;0.38;1590.7899999999997;805.1699999999998;785.62;729.7100000000002;116.53999999999999;373.02000000000004;252.01000000000002;49.28;0;70.23;0
4620273.00;1.2;0.0;17.3;0.0;0.0;0.0;0.0;0.0;83.0;25.3;49944.8;14240.3;15248.3;4528.4;8931.6;2493.3;7911.9;2224.2;40.0;0.327;5060.700000000002;2081.8;2978.900000000002;1821.2099999999991;138.74;1081.8999999999999;1089.4200000000005;157.87;439.61999999999995;331.94;0
4620111.00;1.8;0.2;25.9;3.4;0.0;0.0;0.0;0.0;95.1;28.9;52465.2;16123.6;13159.5;4122.9;10317.4;3135.9;9423.6;2859.0;35.8;0.298;6636.349999999999;3223.83;3412.5200000000023;2472.06;521.59;1744.710000000001;825.0600000000001;195.05999999999997;491.36;386.51;0
4620141.00;47.6;12.9;855.1;217.6;0.0;0.0;0.0;0.0;131.5;37.7;78718.1;20870.7;20030.5;4891.9;15996.4;4284.2;13955.1;3857.3;37.2;0.168;1439.0199999999998;720.88;718.1400000000001;778.4399999999999;75.9;186.37;88.11;95.62;95.24;119.34;0
4620089.00;3.7;0.8;58.9;14.1;0.0;0.0;0.0;0.0;79.1;23.8;35159.4;9593.5;8102.9;2172.9;7040.7;1924.0;6671.9;1832.2;42.2;0.315;6563.93;3552.47;3011.460000000001;2532.32;236.74;1410.9500000000007;1471.5800000000002;331.30000000000007;173.35000000000002;407.69000000000005;0
4620155.00;34.0;8.3;635.6;144.9;0.0;0.0;0.0;0.0;130.3;38.1;66944.3;20845.6;16587.3;5042.0;13075.0;4091.5;12130.6;3834.6;37.7;0.239;1610.7000000000003;657.4800000000001;953.2199999999999;896.6400000000001;0;331.92999999999995;147.11;69.17;54.57;111.27999999999999;0
4620242.00;16.9;5.0;236.0;70.8;0.0;0.0;0.0;0.0;120.7;32.2;55542.3;14792.2;12795.6;3314.2;11117.3;2949.5;10293.7;2780.6;40.8;0.406;6950.680000000007;3472.1;3478.579999999999;2463.19;173.25;1888.2299999999998;1672.3600000000001;189.68;260.08;303.89;0
4620382.02;0.0;0.0;0.0;0.0;0.0;0.0;0.0;0.0;56.3;17.6;28945.6;9995.3;7721.7;2683.0;5549.3;1899.5;5144.2;1780.8;37.9;0.188;4275.050000000001;2235.2300000000005;2039.8200000000006;1738.2500000000007;189.55;1203.9000000000003;592.1999999999999;52.45;244.72;253.98;0
4620385.00;1.4;0.0;24.0;0.0;0.0;0.0;0.0;0.0;102.7;24.9;63592.7;15350.0;16052.6;3897.6;12673.6;3086.1;11143.2;2574.0;65.8;0.217;1440.7699999999995;581.0999999999999;859.6699999999998;268.16;155.26;124.91;892.4399999999998;0;0;0;0
4620235.00;22.5;7.3;308.7;106.7;0.0;0.0;0.0;0.0;112.9;30.6;51518.1;13111.4;12600.7;3273.2;10734.3;2703.5;9100.2;2258.4;34.2;0.21;1799.7199999999996;1021.5500000000001;778.1699999999998;1047.62;117.25;286.39000000000004;69.68;0;119.41999999999999;159.36;0
4620097.02;3.2;1.3;37.7;18.4;0.4;0.2;35.5;16.9;80.9;25.0;67093.7;23377.1;16756.3;5886.2;13787.9;4824.8;11734.2;4055.9;39.7;0.355;2110.7300000000005;1003.17;1107.5600000000002;1031.8200000000002;121.46000000000001;348.59000000000003;311.13;37.72;58.86;170.33999999999997;30.81
4620165.00;22.1;5.7;379.0;107.2;0.0;0.0;0.0;0.0;84.0;23.3;61641.5;17000.4;16653.2;4724.6;12365.3;3278.7;10705.1;2938.9;31.9;0.52;1220.2200000000003;677.3299999999998;542.89;349.99;131.4;337.09;119.59;100.28;125.22;56.650000000000006;0
4620356.00;1.1;0.0;16.7;0.0;0.0;0.0;0.0;0.0;78.8;16.1;52592.2;7775.2;12270.4;1600.5;10645.4;1600.7;9634.2;1521.4;41.7;0.069;1543.21;834.68;708.5300000000001;567.31;62.4;360.73;312.77;0;141.0;99.0;0
4620082.00;8.4;1.3;117.7;20.6;0.6;0.0;48.0;0.0;93.8;26.8;65265.1;19352.2;15057.6;4204.2;13275.1;3937.1;11778.7;3686.0;41.2;0.374;1407.3900000000003;591.64;815.7500000000002;553.5299999999999;46.8;282.51;292.36;119.21000000000001;0;112.98;0
4620219.00;24.7;7.2;383.2;96.8;0.9;0.2;22.8;4.1;101.7;19.8;73123.9;17321.2;18427.3;4506.5;15087.8;3610.0;13107.9;3043.3;37.5;0.379;1220.4499999999996;759.4100000000001;461.04;595.51;76.91999999999999;205.56;69.91;105.24000000000001;87.33;79.97999999999999;0
4620012.01;3.0;0.7;53.0;11.4;0.0;0.0;0.0;0.0;95.1;29.1;43864.5;12002.9;11023.3;3033.1;8630.5;2382.2;7779.1;2044.0;43.6;0.315;2821.8599999999988;1224.7800000000002;1597.0800000000002;995.0300000000001;134.77;593.9300000000002;829.9499999999997;84.33;78.4;105.45;0
4620185.00;10.4;2.4;192.0;45.0;0.0;0.0;0.0;0.0;92.5;24.2;66140.1;16576.3;16927.3;4053.7;12991.4;3247.5;11233.0;2842.1;43.2;0.354;5078.530000000003;2677.7699999999995;2400.7600000000007;2393.02;219.17;755.3299999999999;1087.03;160.44;264.2;199.33999999999997;0
4620270.00;4.3;1.5;50.2;21.2;1.0;0.3;8.0;2.8;113.7;32.6;74729.9;20829.5;21261.3;6019.7;14300.1;3940.5;12460.7;3455.6;39.7;0.285;4334.400000000001;2203.83;2130.5699999999997;1819.0799999999997;249.09;857.0400000000002;810.6100000000004;161.17;235.85999999999996;201.54999999999998;0
4620101.02;0.4;0.0;5.5;0.0;0.0;0.0;0.0;0.0;87.5;29.4;55518.3;19822.8;14206.0;5102.2;11132.5;3977.9;9835.6;3491.2;34.4;0.437;4001.3700000000013;1964.08;2037.2899999999997;1578.0300000000002;324.04999999999995;1170.7099999999996;361.69;59.92;275.81;231.16000000000003;0
4620078.00;17.3;5.9;330.9;136.8;0.1;0.0;4.3;0.0;106.4;29.7;54480.3;13426.4;12312.0;3061.7;11122.4;2665.5;10155.1;2544.2;40.0;0.2;3455.3599999999997;1892.7600000000007;1562.6;1396.5500000000002;202.94;524.8199999999999;599.24;96.77000000000001;250.65;384.39;0
4620047.00;30.9;6.2;515.3;121.3;0.0;0.0;0.0;0.0;128.2;36.5;67319.4;19754.4;16874.9;4383.0;13281.3;3957.2;12060.7;3720.5;35.5;0.405;1026.3600000000004;645.7799999999999;380.58000000000004;516.79;93.03999999999999;282.63;79.62;24.64;0;29.64;0
4620252.00;5.7;1.2;86.3;15.9;0.0;0.0;0.0;0.0;123.2;31.3;93130.2;30180.1;23420.7;7582.9;18643.9;6071.3;15918.6;5141.5;36.5;0.458;4953.910000000004;2316.88;2637.0299999999993;1419.87;273.35999999999996;1368.0999999999997;858.7900000000002;130.97;332.59;570.2299999999999;0
4620151.00;33.4;10.4;604.6;167.9;0.0;0.0;0.0;0.0;139.5;36.5;79400.7;20394.5;20220.8;4876.5;15566.7;4096.0;14112.4;3709.4;37.3;0.224;2198.829999999999;1034.6099999999997;1164.2199999999996;1369.2299999999996;46.349999999999994;305.24;233.41999999999996;41.44;120.35999999999999;82.78999999999999;0
4620167.00;25.1;6.5;412.8;122.2;0.0;0.0;0.0;0.0;92.7;26.9;64516.9;18639.2;17485.0;5120.9;13089.5;3718.5;11176.7;3228.2;31.2;0.277;3224.770000000001;1551.32;1673.4499999999998;1127.26;351.72;918.4000000000001;232.84000000000003;67.85;227.32999999999998;299.36999999999995;0
4620215.00;30.2;7.2;521.7;121.3;0.0;0.0;0.0;0.0;106.6;33.3;62601.9;18622.6;16804.2;4923.0;12920.8;3748.7;10850.9;3271.9;40.0;0.335;2626.199999999998;1283.0000000000002;1343.1999999999998;1224.6399999999999;84.2;520.17;359.05000000000007;114.56;44.88;278.70000000000005;0
4620221.00;7.2;3.3;111.0;49.1;1.0;0.0;26.0;1.2;83.8;27.8;55182.6;19789.0;13328.9;4631.7;10880.3;3924.0;10166.3;3698.0;35.6;0.395;5489.400000000006;2794.6099999999983;2694.7900000000013;1578.2499999999998;328.61000000000007;1476.3900000000003;830.3500000000001;193.48000000000002;448.43000000000006;633.89;0
4620260.00;0.0;0.0;0.0;0.0;0.8;0.0;13.2;0.0;58.5;11.9;42686.5;10001.7;12885.0;3005.0;7745.5;1816.2;6536.5;1518.1;33.6;0.33;2604.5400000000004;1314.3500000000001;1290.19;820.8999999999999;152.77;735.2799999999999;308.18000000000006;122.74000000000001;134.88000000000002;329.78999999999996;0
4620261.00;0.0;0.0;0.0;0.0;0.4;0.0;6.3;0.0;38.6;6.2;34744.7;7426.9;10501.8;2219.7;6319.7;1355.0;5253.7;1117.8;32.0;0.33;1505.3299999999997;602.51;902.82;622.7099999999999;79.66;433.99999999999994;62.39;19.13;113.97999999999999;173.46;0
4620251.01;8.2;1.5;120.1;19.5;0.0;0.0;0.0;0.0;124.7;40.7;77148.5;25330.9;19101.0;6371.0;15304.5;4990.3;13477.1;4331.3;45.3;0.547;2765.8900000000012;960.1100000000004;1805.7800000000013;802.0900000000001;115.55999999999999;603.7900000000001;827.5600000000001;121.78;88.67;206.44;0
4620103.00;8.2;3.0;99.1;32.9;0.0;0.0;0.0;0.0;98.5;20.7;76479.7;18852.8;19367.5;4959.5;15530.8;3820.1;13129.0;3217.9;40.4;0.22;3334.3899999999985;1464.05;1870.3400000000001;1294.01;260.19;979.53;554.1700000000001;38.56;58.86;149.07;0
4620239.00;17.7;4.0;241.5;58.0;0.0;0.0;0.0;0.0;123.9;31.2;52208.9;11260.0;13633.3;2932.0;10226.5;2161.4;9013.4;1921.8;35.0;0.306;5297.200000000002;2594.0800000000013;2703.1200000000003;2135.1499999999996;566.3100000000001;1342.0300000000002;624.0999999999998;151.07999999999998;247.58;230.95;0
4620250.00;10.7;1.7;152.5;26.6;0.0;0.0;0.0;0.0;136.6;31.8;76899.2;14032.9;18831.4;3160.3;15188.4;2796.7;13550.9;2623.5;40.3;0.351;3602.4200000000014;1755.9399999999996;1846.4800000000007;1556.12;171.42000000000002;834.24;524.5;90.62;149.15;276.36999999999995;0
4620124.00;5.3;1.5;106.9;28.7;0.8;0.2;98.0;25.8;70.7;17.5;46107.3;10580.5;11625.4;2705.2;9064.9;2068.6;8350.7;1929.6;31.2;0.273;5756.870000000003;3123.15;2633.72;1969.3100000000002;473.69000000000005;1596.7500000000007;371.85;212.36;530.6200000000001;602.29;0
4620009.00;0.2;0.0;3.7;0.0;0.0;0.0;0.0;0.0;41.9;16.1;17860.6;7520.6;4214.0;1823.3;3564.1;1504.0;3324.1;1375.4;41.2;0.258;3371.36;1556.1299999999999;1815.2299999999998;1403.6599999999999;249.02000000000004;642.1;634.1600000000001;68.86;121.52000000000001;252.04;0
4620092.00;2.1;0.7;35.0;10.5;0.0;0.0;0.0;0.0;71.8;18.2;36077.5;7774.0;8501.9;1738.8;7133.9;1527.6;6813.9;1502.5;42.0;0.297;6135.149999999996;2689.059999999999;3446.089999999999;2314.0699999999997;355.47999999999996;1196.4100000000005;1494.34;223.40000000000003;324.83;198.90000000000003;27.72
4620256.00;0.3;0.0;3.9;0.0;0.0;0.0;0.0;0.0;51.1;15.0;33078.4;11373.8;9132.8;3240.2;6213.1;2116.9;5347.7;1771.7;34.0;0.432;3791.640000000001;2004.2100000000007;1787.4300000000005;1298.2600000000004;182.09999999999997;1270.4900000000002;477.98;26.65;216.39;319.77;0
4620161.00;43.4;11.2;765.3;209.5;0.0;0.0;0.0;0.0;127.3;37.5;91206.3;31195.4;23209.3;7688.8;18749.6;6570.6;16156.8;5565.0;40.1;0.374;1983.8100000000002;914.23;1069.5800000000002;958.4200000000001;141.88;307.36;397.59000000000003;61.33;93.78;23.45;0
4620031.00;14.6;3.1;257.9;44.7;0.0;0.0;0.0;0.0;113.8;30.0;70035.8;18139.0;16599.1;4153.6;13998.8;3613.7;12552.5;3305.8;39.1;0.258;2384.160000000001;1232.91;1151.25;1354.66;112.52;354.54999999999995;336.25000000000006;77.17;97.12;51.89;0
4620281.00;0.4;0.0;7.1;0.0;0.7;0.0;17.2;0.0;60.2;17.5;47474.8;15725.1;13275.2;4449.1;9157.3;3022.7;7866.3;2556.6;46.7;0.204;3329.620000000002;1489.77;1839.8500000000001;1495.88;105.35000000000001;552.2099999999999;918.0400000000001;115.6;73.52;69.02;0
4620237.00;14.6;5.7;203.5;75.6;0.0;0.0;0.0;0.0;123.7;34.3;53921.2;14527.8;15124.0;4027.5;10648.0;2871.4;8920.7;2414.7;37.9;0.325;3767.6999999999985;1784.0800000000004;1983.6199999999992;1941.6999999999996;111.24000000000001;852.43;559.49;56.05;153.46;93.33;0
4620197.00;3.3;1.2;65.5;25.5;0.0;0.0;0.0;0.0;96.7;22.5;73595.6;15611.7;18438.3;3859.1;15184.0;3246.5;12916.7;2775.2;44.0;0.334;3155.8000000000006;1558.2500000000002;1597.5500000000004;1212.19;131.75;448.44999999999993;851.7599999999996;174.60999999999999;160.13;176.91000000000003;0
4620207.00;23.5;7.1;357.7;101.5;0.0;0.0;0.0;0.0;109.9;26.7;60433.4;16642.2;15304.0;4274.1;12132.0;3398.3;10839.7;2945.3;35.2;0.308;3847.430000000001;1866.7499999999998;1980.6799999999996;1748.2099999999998;189.10999999999999;937.96;400.2800000000001;254.94;118.25;198.67999999999998;0
4620263.00;0.2;0.0;2.5;0.0;0.0;0.0;0.1;0.0;63.1;21.1;38806.1;10475.9;12316.4;3742.3;6830.6;1735.8;5936.7;1507.9;43.9;0.373;6880.720000000008;3171.710000000001;3709.0099999999984;2259.2000000000007;170.24;1419.4200000000003;2069.470000000001;212.85999999999999;384.64;364.88999999999993;0
4620117.00;6.1;2.8;98.6;44.1;0.0;0.0;0.0;0.0;101.6;25.4;72214.6;16572.4;17928.1;4202.5;14326.9;3219.3;12737.4;2932.3;31.9;0.416;4149.58;2208.8700000000003;1940.7100000000005;1551.4299999999998;209.54;1328.06;249.29000000000002;251.60000000000002;284.11;275.55;0
4620226.00;11.1;4.7;154.5;60.7;0.0;0.0;0.0;0.0;119.3;33.9;55807.7;16088.3;15717.6;4779.7;11035.9;3214.7;9162.6;2545.8;39.2;0.282;3166.4399999999996;1489.2099999999998;1677.2299999999993;1666.4599999999998;127.72000000000001;492.29999999999995;569.3299999999999;68.43;162.96;79.24;0
4620127.01;7.2;2.8;149.3;57.1;0.0;0.0;0.0;0.0;82.0;26.6;76745.9;26519.5;19368.3;6711.3;15264.5;5306.3;13337.2;4549.0;40.1;0.366;7502.14;3252.010000000001;4250.130000000002;2406.47;427.56;2375.760000000001;1610.8300000000006;182.48999999999998;307.45;191.58;0
4620140.00;46.4;11.0;822.1;197.0;0.0;0.0;0.0;0.0;121.8;37.1;73080.9;22961.4;18275.7;5367.0;14887.4;4708.6;13092.5;4242.7;44.3;0.227;1381.6900000000003;590.77;790.9200000000002;595.47;146.91;255.79000000000005;257.53000000000003;83.86;42.13;0;0
4620400.00;2.8;0.5;41.0;7.1;1.3;0.5;145.6;57.5;75.6;20.4;41581.9;10201.5;9567.0;2165.7;8305.2;2065.0;7750.1;1970.2;40.2;0.177;5651.859999999995;2645.020000000001;3006.84;2204.3;236.38000000000002;1473.1299999999999;1045.32;136.17;287.52000000000004;269.03999999999996;0
4620118.00;5.6;1.7;94.3;33.5;0.0;0.0;0.0;0.0;98.6;25.2;65350.7;17884.9;16009.3;4460.7;12973.3;3547.6;11597.2;3149.4;35.1;0.472;3635.9900000000007;1661.5100000000004;1974.4800000000002;1012.0699999999999;276.46999999999997;1215.6800000000005;488.30999999999995;241.29000000000002;165.15;237.01999999999998;0
4620188.01;8.2;2.5;151.2;39.6;0.0;0.0;0.0;0.0;86.9;24.3;61262.5;16841.0;14981.0;4090.6;12041.3;3297.3;10556.8;2932.3;38.9;0.301;2420.6699999999996;1187.1799999999998;1233.4899999999998;911.3999999999999;262.45000000000005;494.37;449.75000000000006;39.72;117.22;145.76;0
4620139.00;43.8;12.6;777.6;218.7;0.0;0.0;0.0;0.0;128.9;31.2;91252.5;23956.2;22828.7;5594.4;18781.1;5132.1;16314.8;4368.7;36.9;0.203;2949.539999999999;1306.2500000000002;1643.2900000000004;1637.3100000000002;129.37;467.34;218.34000000000003;182.57999999999998;121.38;193.22000000000003;0
4620025.00;11.0;2.7;187.6;39.4;0.0;0.0;0.0;0.0;99.4;34.4;52298.3;17728.4;11998.6;4052.6;10469.4;3568.3;9359.8;3164.1;35.6;0.323;3397.4199999999996;1438.2199999999996;1959.2000000000005;1290.54;116.61999999999999;1052.1399999999999;357.62;74.03;162.98000000000002;343.49;0
4620110.00;4.7;1.1;70.2;17.8;0.0;0.0;0.0;0.0;111.5;38.9;71343.2;22921.1;17620.5;5633.4;14422.2;4659.9;12412.9;3928.4;38.0;0.38;5001.290000000002;2068.6399999999994;2932.6500000000015;2015.3299999999992;301.59999999999997;1384.1900000000003;655.59;195.65;215.98000000000002;232.95;0
4620099.00;4.5;1.5;56.6;20.6;0.2;0.0;17.6;0.0;95.4;25.3;75015.5;19399.8;18889.0;4856.3;15325.8;3967.1;13142.4;3413.4;49.4;0.303;4787.409999999997;1990.8000000000004;2796.609999999999;1584.9799999999996;233.94999999999996;650.6299999999999;1807.46;63.879999999999995;250.04000000000002;149.49;46.98
4620086.00;6.1;1.8;100.5;27.8;0.0;0.0;0.0;0.0;90.0;20.6;36525.7;8296.1;8034.0;1833.6;7262.2;1648.2;7076.5;1604.8;41.0;0.346;4179.63;1777.9500000000007;2401.68;1583.27;229.91000000000003;963.4400000000002;840.17;160.68;175.41999999999996;213.69;13.05
4620021.00;7.6;1.7;137.1;15.0;0.0;0.0;0.0;0.0;77.3;24.8;38956.6;13231.7;8896.3;3021.3;7832.8;2658.1;6970.7;2358.1;32.8;0.487;3414.419999999999;1802.2400000000005;1612.1799999999992;1205.76;50.46;943.0200000000001;353.18999999999994;365.4;74.44;422.15000000000003;0
4620352.00;4.8;2.0;54.5;27.9;1.0;0.5;78.5;36.5;91.8;27.6;73912.5;24245.5;18357.4;6148.3;14926.5;4909.6;12662.1;4011.9;38.9;0.286;4079.2299999999987;2000.7800000000007;2078.4499999999994;1840.9399999999996;229.09000000000003;1031.05;625.5300000000001;0;207.84;144.78000000000003;0
4620005.00;0.0;0.0;0.0;0.0;0.0;0.0;0.0;0.0;56.9;18.8;35618.9;9592.3;8183.7;2192.3;6966.9;1885.3;6780.3;1819.9;40.4;0.309;3419.5899999999983;1570.5400000000002;1849.05;1542.1400000000003;167.91;585.29;689.7600000000001;151.26;161.63;121.6;0
4620027.00;13.3;3.5;219.2;73.7;0.0;0.0;0.0;0.0;116.9;29.6;63409.3;14663.4;14486.1;3321.6;12696.1;2931.5;11433.9;2709.4;36.9;0.286;1850.8599999999997;786.1700000000002;1064.6899999999998;926.4300000000001;55.93;267.12;306.03999999999996;102.66;122.28999999999999;70.39;0
4620209.00;25.5;6.2;385.7;90.4;0.0;0.0;0.0;0.0;118.6;27.8;61060.9;15530.9;15131.2;3878.7;12326.3;3132.1;11056.8;2787.1;42.2;0.358;5116.020000000002;2560.890000000001;2555.13;2269.55;183.07;885.9900000000001;1155.55;158.1;177.55;286.21000000000004;0
4620174.00;36.1;10.2;688.3;213.1;0.0;0.0;0.0;0.0;122.6;22.0;67994.8;10672.4;17486.4;2747.5;13294.6;2005.7;12110.5;1927.4;35.1;0.225;2085.67;882.9699999999996;1202.6999999999994;938.5899999999999;237.45000000000002;519.25;204.73000000000002;74.03999999999999;73.75;37.86;0
4620094.01;3.7;1.1;40.2;11.4;0.6;0.4;51.0;28.1;74.2;18.1;61159.8;19008.1;15041.0;4712.5;12638.5;3921.4;10618.9;3299.3;37.9;0.359;5772.430000000002;2637.959999999999;3134.4699999999984;2546.1700000000005;157.32;1100.3200000000002;1072.4900000000002;184.95;405.62;305.56;0
4620199.00;7.9;2.0;150.2;37.9;0.0;0.0;0.0;0.0;77.9;23.5;58373.6;19432.2;15464.3;5264.4;11652.3;3838.6;9889.8;3220.4;35.4;0.367;3180.79;1563.3400000000004;1617.4499999999998;1648.4400000000003;143.69;612.2700000000001;266.28000000000003;118.65;172.6;218.85999999999999;0
4620090.00;0.5;0.0;8.4;0.0;0.0;0.0;0.0;0.0;71.0;20.6;41211.5;13444.9;10140.3;3392.7;8203.2;2653.5;7622.7;2466.3;38.1;0.292;5964.139999999998;3119.59;2844.5499999999984;2347.719999999999;103.36000000000001;1865.0900000000004;823.5799999999999;251.83999999999997;196.94;375.61000000000007;0
4620361.00;7.8;2.7;163.3;67.6;0.0;0.0;0.0;0.0;62.8;20.9;53879.1;19728.8;14073.3;5071.5;10578.0;3930.6;9609.2;3508.9;36.7;0.273;1638.6499999999999;840.0199999999999;798.63;534.01;0;655.7699999999999;270.77;0;55.010000000000005;123.09;0
4620201.00;8.8;2.2;153.3;42.2;0.0;0.0;0.0;0.0;95.9;21.3;79371.0;18146.0;20298.2;4675.6;15982.0;3669.4;13442.1;3061.9;42.8;0.396;5203.480000000003;2100.2099999999996;3103.2700000000013;1726.84;216.42000000000002;1274.9300000000003;1513.8700000000003;70.85;220.09999999999997;180.47000000000003;0
4620381.00;0.0;0.0;0.0;0.0;0.0;0.0;0.0;0.0;65.2;23.0;33860.0;8936.4;8905.8;2413.9;6607.7;1758.5;5990.7;1527.3;40.5;0.307;7828.19;3638.7300000000014;4189.460000000002;2800.180000000002;315.81000000000006;1882.61;1699.029999999999;113.77000000000001;468.0599999999999;548.73;0
4620145.00;40.0;5.0;726.0;115.0;0.0;0.0;0.0;0.0;139.0;34.0;69153.0;17649.0;18015.0;5193.0;13666.0;3387.0;12063.0;2858.0;29.0;0.0;72.46000000000001;37.81;34.65;37.81;34.65;0;0;0;0;0;0
4620143.00;46.4;11.2;841.8;183.1;0.0;0.0;0.0;0.0;134.8;34.4;74813.8;15829.8;19049.5;4288.9;15389.3;3203.2;13183.9;2709.2;45.9;0.243;2116.7000000000003;1065.66;1051.04;835.47;125.41;386.33;643.8399999999998;26.2;28.04;71.41;0
4620028.00;11.4;3.3;183.5;69.9;0.0;0.0;0.0;0.0;100.8;24.1;55235.4;11136.7;12550.3;2503.5;11066.0;2226.5;10215.4;2096.1;32.3;0.417;2631.1799999999985;1380.46;1250.7199999999998;1207.71;44.79;638.4700000000001;315.73;44.6;239.09000000000003;140.79;0
4620234.00;25.3;7.1;356.7;107.8;0.0;0.0;0.0;0.0;115.3;33.6;54872.9;14348.2;12853.6;3231.5;11518.4;2983.2;9977.0;2710.8;36.5;0.456;2574.27;1239.4599999999996;1334.8099999999997;1019.86;104.59;864.92;336.07;173.06;52.349999999999994;23.42;0
4620243.00;18.2;4.6;258.1;51.2;0.0;0.0;0.0;0.0;132.1;25.9;58254.8;11483.2;13405.2;2720.7;11598.1;2243.1;10759.4;2101.4;37.4;0.358;4470.600000000002;2159.7999999999997;2310.8000000000006;1443.26;276.13999999999993;851.76;886.9700000000003;209.29000000000002;453.15999999999997;350.02000000000004;0
4620154.00;26.4;5.5;500.1;111.9;0.0;0.0;0.0;0.0;131.0;32.8;69177.5;16453.4;17285.6;3931.5;13519.7;3241.3;12482.0;3061.9;38.0;0.057;402.90999999999997;255.20000000000002;147.71;290.52000000000004;20.84;20.0;16.37;21.71;17.67;15.8;0
4620112.01;2.5;0.6;40.7;13.8;0.0;0.0;0.0;0.0;106.1;26.6;54596.1;12896.8;13090.7;2987.5;10862.3;2615.2;10042.4;2429.6;35.9;0.539;3284.060000000001;1431.82;1852.2399999999996;1039.3600000000001;283.96;841.1099999999999;435.53;157.23000000000002;159.93;366.94;0
4620227.00;15.3;6.0;207.1;79.0;0.0;0.0;0.0;0.0;112.7;27.6;51095.4;13526.3;14230.7;3646.0;10239.0;2911.3;8398.2;2179.5;34.0;0.151;2090.0999999999995;1104.94;985.1599999999999;1034.86;90.60000000000001;475.76000000000005;198.15;104.0;124.52000000000001;62.21;0
4620105.00;6.9;1.7;96.5;23.8;0.0;0.0;0.0;0.0;117.2;33.7;76447.8;20267.2;19231.2;4883.8;15456.5;4128.4;13129.6;3483.9;41.1;0.295;2963.7700000000004;1304.13;1659.6399999999999;1469.95;165.56;613.24;400.46999999999997;26.11;81.02000000000001;207.42000000000002;0
4620076.00;14.1;3.7;286.8;70.2;0.0;0.0;0.0;0.0;102.4;23.6;51529.4;11354.7;11080.1;2365.9;10655.8;2375.0;9889.8;2204.1;37.9;0.327;1652.14;854.6099999999998;797.5300000000001;843.4699999999999;77.11;204.75;227.05000000000004;66.66;53.769999999999996;179.32999999999998;0
4620037.00;19.0;4.9;316.6;67.5;0.0;0.0;0.0;0.0;101.7;27.8;62956.1;18063.2;14684.0;3894.6;12637.9;3668.6;11658.8;3477.3;51.7;0.549;3061.21;1308.86;1752.3499999999995;1082.5799999999997;140.51999999999998;402.03000000000003;1285.8600000000001;68.67;0;81.55;0
4620015.00;6.3;2.6;132.2;54.1;0.0;0.0;0.0;0.0;77.4;24.9;34406.2;9671.8;7948.1;2178.5;6884.1;1951.7;6309.1;1828.5;36.3;0.352;3481.169999999999;1965.77;1515.3999999999999;1632.8599999999997;162.93;736.39;295.69000000000005;168.82;172.12;312.36;0
4620183.00;16.1;5.4;289.6;97.1;0.0;0.0;0.0;0.0;97.4;24.7;58839.7;15920.7;15046.3;3861.2;11483.4;3113.1;10212.8;2719.6;40.0;0.344;1326.6699999999996;557.46;769.21;655.0;0;309.62;220.2;113.64;28.21;0;0
4620365.00;15.2;3.8;252.7;66.3;0.0;0.0;0.0;0.0;82.7;20.4;61538.8;13421.5;16008.9;3511.6;12143.3;2616.0;11007.8;2414.7;40.5;0.141;2966.6499999999996;1339.6100000000001;1627.0399999999997;1443.34;312.74;584.26;368.44000000000005;97.99000000000001;122.91000000000001;36.97;0
4620286.00;0.0;0.0;0.0;0.0;1.3;0.3;137.5;27.1;95.1;29.1;49597.8;14694.2;11876.3;3500.2;10237.2;3096.3;8853.5;2624.8;32.4;0.27;5164.609999999999;2544.469999999999;2620.140000000001;1783.36;278.52;1611.3499999999997;615.99;144.74;368.5799999999999;362.07;0
4620354.00;3.4;0.3;34.9;0.7;0.0;0.0;3.2;0.0;71.4;16.7;48574.4;9424.9;12171.7;2185.1;9778.5;1912.3;8385.5;1751.9;47.9;0.105;1725.9299999999994;731.3200000000002;994.6099999999999;839.7100000000003;35.04;407.21000000000004;243.97000000000006;19.3;51.379999999999995;129.32;0
4620288.00;0.0;0.0;0.0;0.0;0.0;0.0;0.0;0.0;16.5;6.4;8439.8;3356.9;2454.3;988.9;1627.8;647.1;1365.8;534.5;59.4;0.321;1052.98;250.97;802.01;259.98;52.62;159.8;580.5799999999999;0;0;0;0
4620225.00;7.9;1.8;107.4;25.6;0.0;0.0;0.0;0.0;101.0;26.5;56697.5;10396.9;16254.0;3041.1;11105.4;2075.9;9119.2;1622.9;50.8;0.359;1679.14;810.6400000000002;868.4999999999999;608.51;60.9;282.03000000000003;643.3599999999999;22.0;25.43;36.91;0
4620115.01;3.3;0.0;51.7;0.0;0.0;0.0;0.0;0.0;95.4;19.0;67639.3;14691.2;16201.6;3520.3;13668.9;3002.0;12196.3;2683.4;41.1;0.268;1974.3200000000008;938.7500000000002;1035.5700000000002;579.7900000000001;173.43;582.42;387.47;58.31;61.18000000000001;131.72;0
4620279.00;2.7;0.8;38.0;13.2;0.2;0.0;1.9;0.0;85.9;26.6;66490.0;24770.1;18791.5;6961.4;12789.6;4833.8;11052.3;4112.6;40.9;0.31;5290.49;2533.0399999999995;2757.4499999999994;1958.4300000000005;80.44;1459.6;1282.3100000000004;179.95;230.41000000000003;99.35;0
4620039.00;12.9;4.1;200.4;67.9;0.0;0.0;0.0;0.0;78.1;23.4;44850.7;14191.4;9899.9;3089.4;9034.9;2879.9;8533.2;2711.1;48.2;0.494;1343.0900000000001;736.7299999999999;606.3599999999998;416.39000000000004;108.24;297.01;396.5799999999999;25.18;21.7;77.99000000000001;0
4620019.00;9.6;2.8;160.5;54.0;0.0;0.0;0.0;0.0;94.2;33.9;46961.6;18790.5;10804.3;4384.7;9416.2;3767.0;8412.3;3244.8;36.4;0.487;2049.2799999999997;1121.23;928.05;1012.3100000000001;84.6;380.05;286.55999999999995;43.54;72.11;170.11;0
4620181.00;17.0;4.9;321.0;95.3;0.0;0.0;0.0;0.0;105.6;26.7;58088.1;13572.4;14299.9;3365.9;11289.6;2585.8;10289.5;2429.5;32.7;0.224;2471.4700000000003;1266.04;1205.4299999999998;1236.6699999999994;172.10000000000002;531.35;220.91;55.72;235.85999999999999;18.86;0
4620022.00;6.3;2.1;115.6;34.8;0.0;0.0;0.0;0.0;68.1;21.8;35019.2;8344.6;7956.9;1852.1;7042.1;1678.7;6331.7;1583.7;35.3;0.315;1803.8700000000001;828.35;975.5199999999998;895.63;70.05000000000001;342.33;230.9;86.9;69.93;108.13;0
4620146.00;44.4;12.8;783.7;238.4;0.0;0.0;0.0;0.0;135.8;32.7;75070.6;16868.6;19304.3;4015.8;14867.2;3359.4;13292.2;3106.0;38.4;0.308;2104.22;1111.0699999999997;993.1500000000001;1083.6599999999999;238.09;428.52;130.64;43.83;0;179.48000000000002;0
4620200.00;6.3;1.9;118.7;29.5;0.0;0.0;0.0;0.0;94.7;22.7;79946.0;18160.4;20381.2;4555.7;16310.1;3727.4;13638.1;3102.4;43.9;0.375;4279.819999999999;1864.09;2415.7300000000005;1883.86;245.74;674.8199999999999;1057.58;115.83;111.38000000000001;190.60999999999999;0
4620083.00;5.7;2.9;94.6;53.6;0.0;0.0;1.5;0.0;87.9;23.3;46090.4;12288.5;10333.6;2722.4;9295.0;2526.3;8726.6;2346.6;36.8;0.267;3571.929999999999;1631.8700000000006;1940.06;1798.3700000000006;108.61;603.3399999999999;454.78999999999996;159.01;277.74999999999994;170.05999999999997;0
4620190.02;3.2;0.4;72.5;7.4;0.0;0.0;0.0;0.0;73.2;19.0;38530.1;9172.9;10074.4;2301.9;7534.0;1779.0;6855.7;1668.2;57.2;0.278;5241.32;2152.389999999999;3088.9300000000026;1059.2300000000002;153.59;817.5999999999999;2977.0400000000004;39.05;94.45;100.36;0
4620164.00;24.6;6.5;462.6;125.9;0.0;0.0;0.0;0.0;77.2;32.3;65398.5;26596.9;16882.6;6969.7;13301.1;5207.2;11516.8;4695.4;35.8;0.219;876.7100000000002;529.01;347.69999999999993;417.74999999999994;31.43;336.44;42.82;0;0;48.269999999999996;0
4620036.00;29.8;9.0;499.6;140.7;0.0;0.0;0.0;0.0;136.3;32.8;85744.7;20698.5;20992.5;5309.8;17060.1;4127.5;15464.3;3630.8;33.5;0.18;1791.5499999999993;1102.94;688.6100000000002;1053.8600000000001;111.64000000000001;238.49;72.78999999999999;131.98;73.16;109.63;0
4620404.00;0.0;0.0;0.3;0.0;1.2;0.5;151.2;59.9;65.8;14.9;27286.5;5398.1;6715.5;1282.9;5260.6;1045.2;4828.3;976.5;38.7;0.125;3305.559999999998;1584.93;1720.6299999999997;1224.3899999999999;100.36999999999999;1056.27;622.6100000000001;27.26;142.54999999999998;132.11;0
4620282.00;0.0;0.0;0.0;0.0;0.5;0.2;12.0;5.2;51.6;15.7;32968.6;9957.7;8701.0;2610.8;6502.1;1966.6;5648.3;1711.9;37.4;0.263;6656.339999999995;3205.6400000000012;3450.700000000001;2331.5499999999997;321.94;1501.979999999999;1265.4500000000005;147.2;594.8099999999998;493.40999999999985;0
4620223.02;0.3;0.0;4.2;0.0;0.0;0.0;0.0;0.0;79.4;22.9;41319.6;17770.8;11029.9;4595.0;7897.5;3473.3;7054.8;3068.2;38.6;0.42;2174.1200000000003;1059.5300000000002;1114.5899999999997;535.4499999999999;93.09;533.9899999999999;370.29999999999995;172.52;187.94;280.83;0
4620006.00;0.0;0.0;0.0;0.0;0.0;0.0;0.0;0.0;54.2;13.4;32930.2;6765.0;7642.2;1570.7;6407.5;1308.4;6277.5;1302.1;38.1;0.329;4073.750000000001;1973.1700000000005;2100.5800000000004;1394.1599999999999;247.41000000000003;1043.12;690.5199999999999;111.86;218.95999999999998;367.72;0
4620100.00;2.3;0.3;31.3;4.0;0.2;0.0;13.9;0.0;99.1;23.6;72630.9;15281.9;18265.1;3799.7;14800.9;3105.3;12830.4;2737.2;36.3;0.282;7219.11;3557.040000000001;3662.070000000001;2870.5700000000015;451.14000000000004;1747.0099999999995;882.5900000000005;351.10999999999996;433.15999999999997;483.52999999999986;0
4620268.01;0.0;0.0;0.0;0.0;2.1;0.5;46.3;12.4;71.3;19.6;45419.7;11270.4;11958.5;2792.0;8855.6;2252.4;7902.7;2016.9;44.4;0.275;5956.919999999999;2725.6200000000003;3231.300000000001;2133.9799999999996;237.91;930.3699999999999;1696.6800000000007;215.79;311.5;430.69;0
4620266.00;5.7;1.3;67.8;19.0;0.8;0.3;6.5;2.5;114.3;30.6;57848.6;16729.8;16699.6;4789.4;11215.3;3266.1;9587.7;2791.7;40.7;0.366;3454.8400000000015;1413.26;2041.5799999999992;1661.8699999999994;145.29000000000002;498.05;707.72;67.05000000000001;201.0;173.86;0
4620276.00;0.5;0.0;6.9;0.0;0.0;0.0;0.0;0.0;57.8;19.8;40605.2;15609.2;11502.9;4300.7;7512.1;2927.6;6629.8;2581.2;39.1;0.194;5386.880000000001;2499.5900000000006;2887.290000000001;2229.3900000000003;273.72999999999996;1061.4599999999998;948.1400000000003;58.21;452.8699999999999;344.44999999999993;18.63
4620214.00;31.4;8.9;487.7;162.9;0.0;0.0;0.0;0.0;119.6;36.6;70599.1;19599.3;17422.7;4695.5;14840.2;4124.3;12750.3;3593.2;36.2;0.312;3303.4899999999993;1426.1500000000005;1877.339999999999;1363.9100000000005;279.99;842.6400000000002;528.6899999999998;182.66;66.68;38.92;0
4620272.00;2.7;1.3;30.0;18.3;0.0;0.0;0.0;0.0;84.7;20.6;52723.3;13724.4;15641.7;4088.6;9540.0;2473.7;8547.3;2216.0;38.8;0.287;4151.220000000003;1644.0700000000002;2507.150000000001;1901.8799999999999;194.59;932.6299999999999;704.8600000000002;67.37;191.89999999999998;157.99;0
4620172.00;40.8;9.7;752.2;162.3;0.0;0.0;0.0;0.0;122.7;30.8;75911.3;17449.5;19462.6;4635.3;15493.5;3532.0;13427.0;3042.7;33.2;0.234;1633.92;1014.0100000000002;619.91;1038.6799999999998;48.21;357.59999999999997;50.38;78.97;27.02;33.06;0
4620175.00;35.0;9.8;659.1;212.0;0.0;0.0;0.0;0.0;115.6;23.3;62049.6;11586.3;16063.1;2958.7;12011.5;2189.1;11041.3;2078.4;34.3;0.131;2606.1799999999994;1479.3499999999997;1126.8299999999997;1651.2900000000002;25.36;550.65;111.14000000000001;45.75;122.03;99.96000000000001;0
4620277.00;2.5;0.8;25.9;11.0;0.0;0.0;0.0;0.0;73.7;21.4;52687.8;15491.7;15087.9;4470.0;9715.5;2851.7;8655.6;2528.6;40.1;0.298;4492.720000000001;2400.1;2092.62;1851.61;321.90999999999997;976.9299999999997;762.75;203.99999999999997;177.58999999999997;197.93;0
4620106.00;7.9;3.4;105.4;44.3;0.1;0.0;10.9;0.0;116.5;36.9;75950.4;24463.2;19195.7;6221.5;15340.9;4917.6;12932.8;4076.1;38.8;0.258;2082.49;1061.9700000000003;1020.5200000000004;902.1700000000001;128.17;223.45;408.64000000000004;132.32999999999998;192.56;95.17;0
4620195.03;0.0;0.0;0.0;0.0;0.0;0.0;0.0;0.0;74.5;20.1;58391.3;14513.7;14807.2;3770.7;12086.2;2981.6;10068.3;2499.7;44.1;0.201;3948.940000000001;2021.4099999999996;1927.5300000000004;1680.08;202.42999999999998;765.65;992.1000000000001;0;106.12;202.56;0
4620190.01;3.6;0.5;77.4;11.6;0.0;0.0;0.0;0.0;90.6;19.9;50337.6;10849.9;13161.5;2881.2;9856.8;2106.0;8859.2;1915.5;46.1;0.282;3823.2899999999995;1783.9900000000002;2039.2999999999995;1641.76;75.85000000000001;678.1599999999999;1034.2299999999998;90.5;106.61;196.17999999999998;0
4620002.00;0.0;0.0;0.0;0.0;0.0;0.0;0.0;0.0;59.6;20.1;41498.6;14657.2;9724.4;3422.3;8184.3;2866.0;7738.1;2757.2;40.6;0.214;3094.9999999999986;1636.2799999999997;1458.72;1478.1399999999996;123.09;522.37;642.5500000000001;43.61;93.57;107.99;83.68
4620230.00;20.6;6.9;290.3;91.9;0.6;0.0;16.7;0.0;104.2;24.0;50644.1;13095.1;12308.2;3410.2;10673.9;2854.9;8959.2;2175.2;41.6;0.318;2013.45;907.4300000000001;1106.0199999999998;912.7800000000001;75.25;366.11;475.11999999999995;19.65;44.17;120.36999999999999;0
4620370.00;0.7;0.0;11.2;0.0;0.0;0.0;0.0;0.0;78.3;17.9;48135.7;11751.0;12309.4;3030.3;9531.1;2342.0;8474.0;2049.0;38.4;0.141;6996.109999999998;3378.100000000001;3618.01;2473.0800000000004;491.99;2250.89;1038.4699999999998;181.29;282.0;278.39000000000004;0
4620285.00;0.0;0.0;0.0;0.0;0.6;0.1;57.4;11.5;89.4;22.0;51315.0;12703.5;13040.2;3208.9;10298.3;2545.8;8824.8;2198.2;40.9;0.237;4755.5700000000015;2386.3999999999987;2369.169999999999;1332.7;237.23999999999998;1411.8799999999997;1090.7200000000007;85.82000000000001;225.08999999999997;372.12;0
4620077.00;24.2;5.4;398.8;95.1;1.0;0.1;84.0;9.6;104.5;14.1;61916.3;5925.7;14606.2;1308.6;12441.4;1245.8;11393.6;1121.3;38.5;0.308;2018.4099999999999;858.21;1160.2;859.8699999999997;97.29;374.67;324.7;49.019999999999996;176.4;136.46;0
4620383.02;0.0;0.0;0.0;0.0;0.0;0.0;0.0;0.0;52.3;20.5;26443.3;9582.2;6793.3;2413.3;5059.0;1845.4;4861.0;1774.5;56.2;0.274;6934.720000000007;3210.219999999999;3724.5000000000014;2016.45;409.88000000000005;792.9999999999999;3050.7499999999986;29.91;204.62000000000003;430.10999999999996;0
4620158.00;42.4;13.2;781.8;263.6;0.0;0.0;0.0;0.0;137.4;29.0;76289.5;18251.0;18849.8;4601.9;15206.9;3548.7;13794.6;3315.4;40.0;0.297;1979.0000000000005;1010.7500000000002;968.2500000000002;930.2500000000003;132.07000000000002;365.16999999999996;341.5;54.71;56.85;98.45000000000002;0
4620198.00;5.8;1.9;105.1;32.9;0.0;0.0;0.0;0.0;87.1;18.4;69298.5;13463.3;17988.5;3581.5;14070.7;2750.9;11804.3;2323.9;38.8;0.269;3815.6199999999985;1763.16;2052.46;1228.2199999999996;157.22;1092.1499999999999;770.74;217.63;185.89999999999998;163.76;0
4620097.01;6.0;2.1;72.6;18.2;0.0;0.0;0.0;0.0;78.8;24.1;65597.1;22559.1;16622.2;5814.0;13379.6;4609.7;11324.8;3870.1;36.5;0.254;5656.639999999997;2747.2199999999993;2909.420000000001;2313.86;254.73000000000002;1377.21;770.0700000000002;129.17999999999998;414.55999999999995;397.0300000000001;0
4620168.00;24.6;7.0;416.2;133.4;0.0;0.0;0.0;0.0;100.4;25.6;73061.0;17380.7;19624.0;4856.6;14752.6;3478.6;12671.3;2953.1;30.1;0.23;1927.7400000000002;1012.8000000000002;914.94;820.42;137.88;655.09;129.73000000000002;19.07;165.55;0;0
4620180.00;20.3;4.7;363.7;95.7;0.0;0.0;0.0;0.0;106.8;20.0;58935.4;9598.5;14829.8;2319.6;11420.6;1855.2;10430.4;1772.4;36.1;0.386;2989.4000000000005;1549.7199999999993;1439.6800000000003;1396.47;87.61;731.8599999999998;338.88;62.76;96.66;275.16;0
4620011.00;0.7;0.0;10.8;0.7;0.0;0.0;0.0;0.0;73.7;18.3;39705.6;9121.8;9914.0;2283.8;7805.1;1791.3;7077.3;1624.9;39.1;0.276;4988.620000000002;2539.78;2448.8399999999992;2234.0899999999997;212.44000000000003;1145.8199999999997;866.02;87.19;251.75;191.31;0
4620287.02;0.0;0.0;0.0;0.0;0.1;0.0;15.2;3.1;56.9;17.0;35234.2;9284.9;9162.3;2506.4;7057.8;1823.8;6056.3;1571.0;43.2;0.221;3928.539999999998;1834.9400000000003;2093.5999999999995;1382.5700000000002;134.67000000000002;1092.94;977.9300000000005;119.09;86.49;134.85;0
4620351.00;11.3;3.1;146.7;23.4;0.0;0.0;0.0;0.0;94.8;21.5;76802.2;20899.6;19196.7;5547.4;15490.3;4220.0;13135.1;3321.9;49.0;0.332;4465.54;1890.2100000000003;2575.3299999999995;1461.29;276.78999999999996;1005.8599999999997;1546.710000000001;43.980000000000004;22.5;108.41;0
4620004.00;0.0;0.0;0.0;0.0;0.0;0.0;0.0;0.0;79.3;21.2;73466.2;17356.6;17076.8;3947.2;14715.2;3502.4;13567.1;3211.4;46.7;0.333;3020.489999999999;1484.3299999999997;1536.1600000000003;1143.6000000000001;188.63000000000002;413.8;780.77;210.96;106.35000000000001;176.38000000000002;0
4620213.00;28.1;6.6;446.2;100.7;0.0;0.0;0.0;0.0;124.3;27.0;66661.7;11495.8;16240.6;2692.5;13754.7;2375.3;12135.2;2136.3;34.3;0.233;3191.340000000001;1801.5899999999997;1389.75;1651.3400000000001;144.57999999999998;773.2399999999999;312.25;126.09;162.06000000000003;21.78;0
4620125.00;6.6;1.5;127.3;22.1;0.7;0.1;90.3;10.6;83.0;19.2;54294.8;11656.3;13562.5;3009.6;10722.2;2263.3;9937.1;2123.2;44.2;0.262;7125.199999999997;3375.4599999999973;3749.7400000000052;1887.9699999999996;424.66999999999996;1934.9399999999996;2173.010000000002;0;305.88;398.73;0
4620236.00;20.0;6.3;277.4;84.1;0.0;0.0;0.0;0.0;117.9;30.8;48763.0;13117.3;13072.5;3328.5;9867.2;2680.0;8250.7;2209.2;35.0;0.222;2518.4300000000003;1312.5300000000004;1205.8999999999996;1094.6299999999999;192.72;467.53000000000003;349.29;98.91000000000001;180.75;134.6;0
4620268.02;0.0;0.0;0.0;0.0;2.0;0.3;80.5;5.0;67.0;17.8;37418.1;11461.3;9997.1;2940.6;7235.2;2246.9;6475.6;2021.2;38.7;0.222;1905.3799999999994;1107.0600000000002;798.32;528.0699999999998;61.07;567.61;383.1199999999999;88.33;84.99;192.18999999999997;0
4620162.00;41.5;11.6;736.5;210.6;0.0;0.0;0.0;0.0;129.2;40.5;89823.3;31511.1;23000.6;8060.3;18378.6;6604.9;15876.4;5527.2;36.5;0.205;1880.8500000000001;889.5899999999999;991.2600000000001;981.4399999999999;160.19;396.17;193.70000000000002;0;104.82;44.53;0
4620107.00;7.7;2.3;101.3;24.7;0.8;0.0;65.3;1.8;115.0;35.1;83062.1;25784.7;21022.6;6816.5;16810.0;5203.3;14040.6;4171.4;29.4;0.363;1893.2999999999995;962.7600000000001;930.5399999999997;913.06;116.36;581.3300000000002;61.31;63.35000000000001;104.30999999999999;53.58;0
4620109.00;4.1;1.0;57.9;16.9;0.0;0.0;0.0;0.0;113.2;27.4;70107.3;17407.5;17146.5;4275.8;14165.5;3523.5;12336.0;3069.1;33.9;0.197;2539.2;1091.2400000000002;1447.9599999999998;1113.0100000000002;223.51;664.62;228.97;50.14;190.73;68.22;0
4620067.00;23.0;5.0;407.5;109.6;0.3;0.0;22.7;0.0;121.3;27.7;75005.0;13899.6;17805.0;3250.9;15191.0;2765.3;13436.0;2592.3;31.2;0.377;1705.0400000000002;900.0600000000002;804.9800000000001;609.3300000000002;91.72999999999999;555.8100000000001;84.12;55.94;150.66;157.45;0
4620152.00;28.6;8.1;497.7;154.0;0.0;0.0;0.0;0.0;138.0;35.7;78191.5;20809.6;19731.2;4950.8;15347.1;4199.0;13988.6;3805.1;34.7;0.266;1842.8100000000006;1009.3600000000001;833.4499999999998;777.9299999999997;58.599999999999994;523.34;162.1;128.21;91.41;101.22000000000001;0
4620012.02;3.1;1.3;53.7;23.6;0.0;0.0;0.0;0.0;94.1;28.3;42726.8;10878.0;10694.3;2818.9;8418.5;2141.5;7600.0;1863.4;40.4;0.38;4086.7599999999984;1807.1200000000001;2279.64;1551.8;196.86;766.0200000000001;915.4;199.75;282.05;174.88;0
4620121.00;1.7;0.0;34.4;0.0;1.7;0.6;208.8;74.1;66.2;11.9;45969.2;8835.7;10926.3;2068.0;9179.7;1772.2;8136.4;1547.7;37.3;0.211;2280.660000000001;1050.6400000000003;1230.0200000000002;945.33;32.57;747.8800000000001;348.92;78.21;52.849999999999994;74.9;0
4620029.00;14.0;4.2;247.0;72.8;0.0;0.0;0.0;0.0;116.6;30.0;68071.7;17117.2;15811.3;3891.5;13617.3;3412.6;12216.3;3107.1;37.5;0.333;3898.2599999999993;1837.0000000000002;2061.2599999999998;1876.1599999999996;395.7799999999999;570.62;605.71;165.62;173.84000000000003;87.53;23.0
4620192.00;0.0;0.0;0.0;0.0;0.0;0.0;0.0;0.0;84.1;24.5;75670.3;23529.2;18511.2;5746.5;15208.0;4758.2;13657.4;4233.1;45.8;0.144;2725.0699999999993;1316.3199999999995;1408.7499999999998;1022.7699999999998;98.42999999999999;594.1800000000001;829.0899999999999;46.64;88.11;45.85;0
